time_ms,reading,bpm,leads_off
3738962,449,0,0
3738966,452,0,0
3738969,482,0,0
3738973,495,0,0
3738977,488,0,0
3739022,518,0,0
3739025,498,0,0
3739029,492,0,0
3739032,511,0,0
3739036,543,0,0
3739040,518,0,0
3739044,488,0,0
3739048,499,0,0
3739053,533,0,0
3739057,532,0,0
3739062,508,0,0
3739108,519,0,0
3739112,508,0,0
3739116,535,0,0
3739120,567,0,0
3739124,505,0,0
3739129,481,0,0
3739134,541,0,0
3739138,552,0,0
3739182,536,0,0
3739186,545,0,0
3739190,529,0,0
3739194,513,0,0
3739199,529,0,0
3739204,555,0,0
3739248,480,0,0
3739289,550,0,0
3739331,709,0,0
3739373,500,0,0
3739414,495,0,0
3739455,518,0,0
3739496,525,0,0
3739537,580,0,0
3739578,536,0,0
3739620,500,0,0
3739663,457,0,0
3739706,494,0,0
3739747,490,0,0
3739788,517,0,0
3739870,520,0,0
3739911,498,0,0
3739951,503,0,0
3739992,523,0,0
3740035,558,0,0
3740076,502,0,0
3740120,620,0,0
3740162,467,0,0
3740203,518,0,0
3740245,511,0,0
3740288,553,0,0
3740330,558,0,0
3740375,582,0,0
3740419,514,0,0
3740461,486,0,0
3740504,512,0,0
3740588,510,0,0
3740631,499,0,0
3740673,509,0,0
3740715,518,0,0
3740759,506,0,0
3740803,515,0,0
3740846,517,0,0
3740889,527,0,0
3740933,530,0,0
3740976,521,0,0
3741020,544,0,0
3741063,519,0,0
3741108,512,0,0
3741151,559,0,0
3741196,508,0,0
3741239,532,0,0
3741325,560,0,0
3741370,603,0,0
3741412,496,0,0
3741455,499,0,0
3741499,486,0,0
3741542,488,0,0
3741585,511,0,0
3741629,487,0,0
3741673,509,0,0
3741716,505,0,0
3741761,489,0,0
3741804,519,0,0
3741849,505,0,0
3741893,500,0,0
3741938,515,0,0
3741984,541,0,0
3742072,519,0,0
3742117,693,0,0
3742161,492,0,0
3742206,517,0,0
3742250,542,0,0
3742296,566,0,0
3742341,589,0,0
3742386,516,0,0
3742432,487,0,0
3742478,479,0,0
3742524,493,0,0
3742571,504,0,0
3742617,507,0,0
3742662,489,0,0
3742709,495,0,0
3742756,513,0,0
3742845,524,0,0
3742890,536,0,0
3742935,528,0,0
3742980,876,0,0
3743026,511,0,0
3743072,525,0,0
3743117,534,0,0
3743163,541,0,0
3743209,575,0,0
3743255,520,0,0
3743301,492,0,0
3743348,492,0,0
3743396,496,0,0
3743442,500,0,0
3743489,517,0,0
3743536,533,0,0
3743625,521,0,0
3743671,515,0,0
3743718,808,0,0
3743765,516,0,0
3743811,491,0,0
3743858,512,0,0
3743904,550,0,0
3743952,590,0,0
3743998,482,0,0
3744045,461,0,0
3744092,477,0,0
3744139,490,0,0
3744187,497,0,0
3744234,513,0,0
3744282,500,0,0
3744330,520,0,0
3744419,511,0,0
3744466,602,0,0
3744514,490,0,0
3744561,501,0,0
3744611,520,0,0
3744660,562,0,0
3744709,517,0,0
3744756,491,0,0
3744805,489,0,0
3744852,503,0,0
3744900,505,0,0
3744949,501,0,0
3744998,501,0,0
3745047,499,0,0
3745095,508,0,0
3745145,492,0,0
3745235,533,0,0
3745283,508,0,0
3745331,528,0,0
3745379,549,0,0
3745428,573,0,0
3745477,499,0,0
3745525,473,0,0
3745575,491,0,0
3745625,493,0,0
3745674,493,0,0
3745723,505,0,0
3745772,508,0,0
3745821,520,0,0
3745869,521,0,0
3745918,537,0,0
3745967,515,0,0
3746059,527,0,0
3746107,503,0,0
3746156,526,0,0
3746206,554,0,0
3746255,581,0,0
3746304,509,0,0
3746354,488,0,0
3746404,506,0,0
3746455,499,0,0
3746505,497,0,0
3746556,502,0,0
3746605,508,0,0
3746655,508,0,0
3746707,519,0,0
3746759,516,0,0
3746810,501,0,0
3746906,497,0,0
3746957,511,0,0
3747008,532,0,0
3747059,564,0,0
3747111,513,0,0
3747162,475,0,0
3747214,500,0,0
3747264,508,0,0
3747316,511,0,0
3747368,514,0,0
3747419,511,0,0
3747470,520,0,0
3747522,510,0,0
3747573,523,0,0
3747625,494,0,0
3747677,939,0,0
3747771,511,0,0
3747824,524,0,0
3747877,561,0,0
3747928,541,0,0
3747980,493,0,0
3748032,506,0,0
3748084,513,0,0
3748137,509,0,0
3748189,497,0,0
3748243,500,0,0
3748296,514,0,0
3748348,527,0,0
3748402,528,0,0
3748455,532,0,0
3748507,505,0,0
3748561,861,0,0
3748657,510,0,0
3748711,531,0,0
3748763,576,0,0
3748816,541,0,0
3748869,493,0,0
3748921,484,0,0
3748974,497,0,0
3749028,494,0,0
3749082,517,0,0
3749135,517,0,0
3749187,505,0,0
3749240,498,0,0
3749295,507,0,0
3749350,529,0,0
3749404,503,0,0
3749458,789,0,0
3749553,511,0,0
3749606,520,0,0
3749659,550,0,0
3749713,564,0,0
3749766,494,0,0
3749820,488,0,0
3749874,486,0,0
3749928,488,0,0
3749981,510,0,0
3750035,512,0,0
3750089,503,0,0
3750143,506,0,0
3750197,527,0,0
3750252,520,0,0
3750306,941,0,0
3750360,490,0,0
3750456,516,0,0
3750510,562,0,0
3750564,532,0,0
3750654,485,0,0
3750693,492,0,0
3750732,507,0,0
3750771,491,0,0
3750811,497,0,0
3750851,513,0,0
3750891,502,0,0
3750930,521,0,0
3750968,515,0,0
3751009,594,0,0
3751048,459,0,0
3751088,491,0,0
3751127,498,0,0
3751207,535,0,0
3751247,584,0,0
3751287,511,0,0
3751327,472,0,0
3751367,492,0,0
3751407,483,0,0
3751447,506,0,0
3751487,499,0,0
3751527,492,0,0
3751568,510,0,0
3751608,514,0,0
3751648,523,0,0
3751690,500,0,0
3751731,940,0,0
3751771,508,0,0
3751814,513,0,0
3751895,535,0,0
3751936,578,0,0
3751976,554,0,0
3752017,494,0,0
3752058,475,0,0
3752099,504,0,0
3752139,493,0,0
3752181,507,0,0
3752222,493,0,0
3752265,514,0,0
3752306,496,0,0
3752347,520,0,0
3752388,513,0,0
3752430,511,0,0
3752471,492,0,0
3752514,532,0,0
3752594,501,0,0
3752636,524,0,0
3752677,537,0,0
3752719,577,0,0
3752761,517,0,0
3752804,477,0,0
3752845,479,0,0
3752888,484,0,0
3752929,502,0,0
3752972,495,0,0
3753014,503,0,0
3753057,493,0,0
3753100,512,0,0
3753143,499,0,0
3753185,516,0,0
3753229,517,0,0
3753313,523,0,0
3753356,513,0,0
3753400,531,0,0
3753443,515,0,0
3753486,539,0,0
3753529,525,0,0
3753573,502,0,0
3753616,453,0,0
3753660,504,0,0
3753704,516,0,0
3753747,537,0,0
3753789,551,0,0
3753833,599,0,0
3753877,497,0,0
3753921,478,0,0
3753965,495,0,0
3754050,507,0,0
3754093,493,0,0
3754137,502,0,0
3754180,516,0,0
3754224,498,0,0
3754268,512,0,0
3754312,510,0,0
3754356,501,0,0
3754401,526,0,0
3754445,514,0,0
3754489,509,0,0
3754533,527,0,0
3754578,524,0,0
3754622,512,0,0
3754666,520,0,0
3754712,447,0,0
3754799,531,0,0
3754844,523,0,0
3754889,556,0,0
3754933,602,0,0
3754978,489,0,0
3755022,473,0,0
3755068,494,0,0
3755112,498,0,0
3755158,488,0,0
3755203,500,0,0
3755250,507,0,0
3755293,492,0,0
3755338,497,0,0
3755391,489,0,0
3755437,509,0,0
3755482,523,0,0
3755567,534,0,0
3755613,521,0,0
3755658,502,0,0
3755702,656,0,0
3755748,518,0,0
3755793,514,0,0
3755840,525,0,0
3755885,570,0,0
3755931,604,0,0
3755977,479,0,0
3756023,466,0,0
3756069,487,0,0
3756116,510,0,0
3756162,501,0,0
3756209,487,0,0
3756254,498,0,0
3756340,496,0,0
3756386,511,0,0
3756432,518,0,0
3756479,519,0,0
3756526,502,0,0
3756571,516,0,0
3756619,483,0,0
3756666,518,0,0
3756713,520,0,0
3756761,539,0,0
3756810,575,0,0
3756857,517,0,0
3756905,473,0,0
3756953,482,0,0
3757001,503,0,0
3757048,509,0,0
3757138,496,0,0
3757186,507,0,0
3757234,513,0,0
3757284,535,0,0
3757331,524,0,0
3757377,501,0,0
3757426,474,0,0
3757475,492,0,0
3757521,520,0,0
3757569,534,0,0
3757616,575,0,0
3757664,564,0,0
3757713,497,0,0
3757762,484,0,0
3757809,483,0,0
3757856,490,0,0
3757945,503,0,0
3757994,508,0,0
3758043,500,0,0
3758092,488,0,0
3758140,538,0,0
3758189,486,0,0
3758236,505,0,0
3758285,526,0,0
3758333,580,0,0
3758382,546,0,0
3758434,492,0,0
3758483,496,0,0
3758532,505,0,0
3758582,506,0,0
3758630,500,0,0
3758678,507,0,0
3758767,507,0,0
3758817,961,0,0
3758866,504,0,0
3758917,513,0,0
3758967,530,0,0
3759017,572,0,0
3759066,554,0,0
3759117,485,0,0
3759168,487,0,0
3759218,497,0,0
3759268,503,0,0
3759318,501,0,0
3759368,505,0,0
3759419,513,0,0
3759469,506,0,0
3759522,758,0,0
3759614,499,0,0
3759664,520,0,0
3759714,551,0,0
3759765,584,0,0
3759816,497,0,0
3759867,498,0,0
3759918,506,0,0
3759969,505,0,0
3760019,501,0,0
3760072,491,0,0
3760124,492,0,0
3760175,492,0,0
3760228,502,0,0
3760280,515,0,0
3760333,539,0,0
3760384,524,0,0
3760478,427,0,0
3760530,502,0,0
3760582,531,0,0
3760635,555,0,0
3760687,582,0,0
3760740,478,0,0
3760793,467,0,0
3760846,492,0,0
3760898,500,0,0
3760951,500,0,0
3761004,493,0,0
3761055,487,0,0
3761110,490,0,0
3761162,503,0,0
3761216,518,0,0
3761269,514,0,0
3761364,513,0,0
3761417,715,0,0
3761471,506,0,0
3761524,500,0,0
3761577,524,0,0
3761631,578,0,0
3761686,553,0,0
3761739,475,0,0
3761792,476,0,0
3761846,490,0,0
3761899,510,0,0
3761952,505,0,0
3762005,491,0,0
3762058,494,0,0
3762113,504,0,0
3762166,523,0,0
3762262,518,0,0
3762316,516,0,0
3762370,517,0,0
3762423,499,0,0
3762477,515,0,0
3762530,557,0,0
3762584,595,0,0
3762637,480,0,0
3762692,473,0,0
3762745,490,0,0
3762800,509,0,0
3762853,501,0,0
3762908,491,0,0
3762962,497,0,0
3763018,515,0,0
3763072,520,0,0
3763167,508,0,0
3763223,495,0,0
3763312,513,0,0
3763352,543,0,0
3763390,558,0,0
3763430,583,0,0
3763468,513,0,0
3763509,465,0,0
3763548,495,0,0
3763587,495,0,0
3763627,485,0,0
3763666,507,0,0
3763705,491,0,0
3763746,497,0,0
3763786,505,0,0
3763825,489,0,0
3763906,511,0,0
3763947,505,0,0
3763988,504,0,0
3764027,418,0,0
3764068,506,0,0
3764110,501,0,0
3764150,533,0,0
3764191,536,0,0
3764233,594,0,0
3764273,522,0,0
3764313,477,0,0
3764353,482,0,0
3764394,477,0,0
3764434,502,0,0
3764475,481,0,0
3764515,504,0,0
3764598,503,0,0
3764639,501,0,0
3764680,517,0,0
3764720,523,0,0
3764761,494,0,0
3764803,881,0,0
3764843,510,0,0
3764883,515,0,0
3764925,498,0,0
3764965,538,0,0
3765007,563,0,0
3765049,586,0,0
3765091,481,0,0
3765133,488,0,0
3765174,482,0,0
3765216,512,0,0
3765299,507,0,0
3765341,492,0,0
3765383,516,0,0
3765424,503,0,0
3765469,505,0,0
3765512,489,0,0
3765555,441,0,0
3765598,503,0,0
3765641,498,0,0
3765684,534,0,0
3765726,536,0,0
3765768,583,0,0
3765812,495,0,0
3765855,485,0,0
3765897,489,0,0
3765939,488,0,0
3766022,491,0,0
3766065,517,0,0
3766109,503,0,0
3766153,505,0,0
3766197,587,0,0
3766239,455,0,0
3766284,504,0,0
3766327,496,0,0
3766372,522,0,0
3766416,569,0,0
3766460,547,0,0
3766503,492,0,0
3766548,492,0,0
3766592,478,0,0
3766636,506,0,0
3766680,503,0,0
3766766,521,0,0
3766809,492,0,0
3766853,500,0,0
3766896,423,0,0
3766941,480,0,0
3766985,514,0,0
3767029,517,0,0
3767073,549,0,0
3767117,579,0,0
3767161,480,0,0
3767205,479,0,0
3767249,504,0,0
3767294,485,0,0
3767338,498,0,0
3767385,508,0,0
3767430,506,0,0
3767516,504,0,0
3767561,714,0,0
3767606,517,0,0
3767651,505,0,0
3767696,509,0,0
3767741,527,0,0
3767785,582,0,0
3767830,523,0,0
3767874,466,0,0
3767921,474,0,0
3767966,489,0,0
3768011,464,0,0
3768056,473,0,0
3768102,480,0,0
3768147,474,0,0
3768192,458,0,0
3768279,469,0,0
3768324,462,0,0
3768370,462,0,0
3768415,450,0,0
3768461,429,0,0
3768507,449,0,0
3768553,485,0,0
3768598,522,0,0
3768645,518,0,0
3768690,446,0,0
3768736,461,0,0
3768783,474,0,0
3768830,475,0,0
3768877,464,0,0
3768922,477,0,0
3768968,492,0,0
3769056,489,0,0
3769103,512,0,0
3769150,525,0,0
3769197,535,0,0
3769245,520,0,0
3769292,510,0,0
3769340,725,0,0
3769387,522,0,0
3769433,538,0,0
3769480,546,0,0
3769527,565,0,0
3769574,584,0,0
3769622,487,0,0
3769670,505,0,0
3769719,511,0,0
3769769,524,0,0
3769853,521,0,0
3769901,523,0,0
3769949,521,0,0
3769996,506,0,0
3770043,504,0,0
3770091,522,0,0
3770140,515,0,0
3770188,494,0,0
3770237,406,0,0
3770286,507,0,0
3770334,526,0,0
3770382,541,0,0
3770430,572,0,0
3770480,521,0,0
3770528,566,0,0
3770577,470,0,0
3770666,502,0,0
3770714,494,0,0
3770762,491,0,0
3770811,485,0,0
3770861,486,0,0
3770909,497,0,0
3770958,493,0,0
3771006,630,0,0
3771056,513,0,0
3771106,499,0,0
3771154,521,0,0
3771204,554,0,0
3771254,589,0,0
3771304,499,0,0
3771354,490,0,0
3771404,506,0,0
3771493,495,0,0
3771544,492,0,0
3771597,510,0,0
3771646,506,0,0
3771697,629,0,0
3771748,526,0,0
3771799,519,0,0
3771850,532,0,0
3771902,575,0,0
3771953,577,0,0
3772002,503,0,0
3772054,496,0,0
3772103,505,0,0
3772155,509,0,0
3772206,500,0,0
3772256,509,0,0
3772348,619,0,0
3772398,524,0,0
3772450,511,0,0
3772502,529,0,0
3772552,563,0,0
3772603,575,0,0
3772655,492,0,0
3772706,482,0,0
3772758,483,0,0
3772809,492,0,0
3772860,490,0,0
3772913,516,0,0
3772966,506,0,0
3773019,909,0,0
3773073,485,0,0
3773124,496,0,0
3773215,573,0,0
3773267,551,0,0
3773319,490,0,0
3773372,491,0,0
3773425,495,0,0
3773477,489,0,0
3773529,532,0,0
3773581,504,0,0
3773634,504,0,0
3773687,513,0,0
3773746,494,0,0
3773799,529,0,0
3773851,575,0,0
3773903,572,0,0
3773956,479,0,0
3774008,475,0,0
3774101,514,0,0
3774153,510,0,0
3774207,500,0,0
3774259,520,0,0
3774312,487,0,0
3774366,937,0,0
3774420,503,0,0
3774474,494,0,0
3774527,522,0,0
3774581,571,0,0
3774634,528,0,0
3774687,495,0,0
3774741,480,0,0
3774798,500,0,0
3774852,513,0,0
3774905,499,0,0
3775000,519,0,0
3775053,556,0,0
3775106,514,0,0
3775161,553,0,0
3775215,525,0,0
3775269,518,0,0
3775323,514,0,0
3775377,545,0,0
3775432,553,0,0
3775487,485,0,0
3775542,477,0,0
3775596,489,0,0
3775650,502,0,0
3775704,502,0,0
3775758,495,0,0
3775812,493,0,0
3775909,508,0,0
3775962,489,0,0
3776052,496,0,0
3776091,496,0,0
3776129,506,0,0
3776169,546,0,0
3776206,563,0,0
3776245,559,0,0
3776284,504,0,0
3776324,474,0,0
3776364,489,0,0
3776403,506,0,0
3776443,486,0,0
3776484,515,0,0
3776524,490,0,0
3776563,503,0,0
3776641,482,0,0
3776680,558,0,0
3776720,426,0,0
3776760,481,0,0
3776801,523,0,0
3776840,508,0,0
3776880,535,0,0
3776922,569,0,0
3776962,500,0,0
3777003,490,0,0
3777045,476,0,0
3777086,501,0,0
3777127,476,0,0
3777167,507,0,0
3777208,493,0,0
3777248,515,0,0
3777330,526,0,0
3777370,407,0,0
3777411,485,0,0
3777453,511,0,0
3777495,510,0,0
3777536,561,0,0
3777576,567,0,0
3777617,516,0,0
3777657,470,0,0
3777698,491,0,0
3777739,493,0,0
3777782,504,0,0
3777823,494,0,0
3777865,511,0,0
3777906,513,0,0
3777947,497,0,0
3778028,388,0,0
3778070,503,0,0
3778111,495,0,0
3778155,528,0,0
3778198,564,0,0
3778240,563,0,0
3778283,499,0,0
3778324,470,0,0
3778367,498,0,0
3778410,485,0,0
3778452,507,0,0
3778496,492,0,0
3778539,500,0,0
3778581,514,0,0
3778622,517,0,0
3778665,502,0,0
3778749,499,0,0
3778791,490,0,0
3778834,529,0,0
3778877,533,0,0
3778919,586,0,0
3778962,510,0,0
3779006,477,0,0
3779051,493,0,0
3779095,485,0,0
3779139,498,0,0
3779182,505,0,0
3779226,492,0,0
3779269,513,0,0
3779314,504,0,0
3779358,494,0,0
3779401,534,0,0
3779485,521,0,0
3779530,860,0,0
3779573,484,0,0
3779618,519,0,0
3779662,512,0,0
3779705,551,0,0
3779750,591,0,0
3779796,495,0,0
3779841,471,0,0
3779886,498,0,0
3779930,489,0,0
3779975,484,0,0
3780019,511,0,0
3780065,501,0,0
3780110,493,0,0
3780154,506,0,0
3780240,500,0,0
3780284,526,0,0
3780329,517,0,0
3780373,503,0,0
3780419,771,0,0
3780463,526,0,0
3780509,495,0,0
3780555,519,0,0
3780602,553,0,0
3780647,578,0,0
3780693,507,0,0
3780738,473,0,0
3780783,493,0,0
3780830,489,0,0
3780875,487,0,0
3780920,501,0,0
3781007,497,0,0
3781052,520,0,0
3781098,514,0,0
3781145,498,0,0
3781193,515,0,0
3781238,515,0,0
3781284,526,0,0
3781331,551,0,0
3781378,491,0,0
3781425,505,0,0
3781472,534,0,0
3781517,579,0,0
3781564,571,0,0
3781610,473,0,0
3781657,476,0,0
3781703,497,0,0
3781791,487,0,0
3781838,506,0,0
3781886,510,0,0
3781933,517,0,0
3781979,500,0,0
3782026,512,0,0
3782073,502,0,0
3782121,504,0,0
3782168,435,0,0
3782215,509,0,0
3782263,517,0,0
3782311,528,0,0
3782360,567,0,0
3782408,519,0,0
3782457,471,0,0
3782505,482,0,0
3782592,483,0,0
3782639,489,0,0
3782686,506,0,0
3782734,511,0,0
3782782,518,0,0
3782831,519,0,0
3782879,496,0,0
3782928,793,0,0
3782976,493,0,0
3783024,495,0,0
3783072,522,0,0
3783120,558,0,0
3783168,596,0,0
3783216,506,0,0
3783265,485,0,0
3783314,496,0,0
3783406,493,0,0
3783454,501,0,0
3783502,512,0,0
3783551,529,0,0
3783599,508,0,0
3783648,824,0,0
3783698,504,0,0
3783746,501,0,0
3783794,508,0,0
3783843,545,0,0
3783892,559,0,0
3783941,482,0,0
3783990,473,0,0
3784039,484,0,0
3784089,495,0,0
3784140,495,0,0
3784230,508,0,0
3784279,485,0,0
3784329,411,0,0
3784380,492,0,0
3784430,512,0,0
3784483,549,0,0
3784533,584,0,0
3784584,504,0,0
3784638,485,0,0
3784689,486,0,0
3784741,487,0,0
3784792,482,0,0
3784843,498,0,0
3784894,489,0,0
3784946,932,0,0
3784996,487,0,0
3785089,515,0,0
3785140,547,0,0
3785191,538,0,0
3785242,464,0,0
3785294,474,0,0
3785345,494,0,0
3785395,492,0,0
3785447,521,0,0
3785499,507,0,0
3785553,520,0,0
3785605,503,0,0
3785656,481,0,0
3785708,493,0,0
3785759,537,0,0
3785811,562,0,0
3785863,486,0,0
3785956,487,0,0
3786006,493,0,0
3786058,491,0,0
3786110,511,0,0
3786164,514,0,0
3786215,511,0,0
3786267,425,0,0
3786320,498,0,0
3786375,495,0,0
3786428,538,0,0
3786482,586,0,0
3786535,491,0,0
3786587,482,0,0
3786639,486,0,0
3786692,489,0,0
3786745,492,0,0
3786841,492,0,0
3786892,488,0,0
3786945,502,0,0
3786997,518,0,0
3787052,521,0,0
3787107,503,0,0
3787161,523,0,0
3787215,534,0,0
3787269,512,0,0
3787322,421,0,0
3787376,502,0,0
3787429,518,0,0
3787482,563,0,0
3787535,586,0,0
3787589,490,0,0
3787643,476,0,0
3787737,496,0,0
3787790,485,0,0
3787843,486,0,0
3787898,513,0,0
3787951,508,0,0
3788005,497,0,0
3788059,506,0,0
3788113,523,0,0
3788167,529,0,0
3788221,523,0,0
3788276,502,0,0
3788330,416,0,0
3788385,524,0,0
3788439,519,0,0
3788493,547,0,0
3788548,604,0,0
3788643,466,0,0
3788699,497,0,0
3788788,491,0,0
3788828,502,0,0
3788868,502,0,0
3788907,490,0,0
3788946,509,0,0
3788985,511,0,0
3789025,493,0,0
3789066,523,0,0
3789105,515,0,0
3789145,535,0,0
3789185,515,0,0
3789224,492,0,0
3789264,578,0,0
3789304,495,0,0
3789384,536,0,0
3789424,541,0,0
3789464,600,0,0
3789504,563,0,0
3789544,481,0,0
3789584,481,0,0
3789627,478,0,0
3789667,499,0,0
3789707,482,0,0
3789747,509,0,0
3789787,493,0,0
3789827,494,0,0
3789868,500,0,0
3789910,497,0,0
3789950,516,0,0
3789991,490,0,0
3790073,518,0,0
3790113,507,0,0
3790155,501,0,0
3790196,395,0,0
3790237,490,0,0
3790278,513,0,0
3790320,520,0,0
3790361,552,0,0
3790402,593,0,0
3790443,528,0,0
3790484,477,0,0
3790525,469,0,0
3790568,485,0,0
3790609,484,0,0
3790651,505,0,0
3790692,493,0,0
3790774,490,0,0
3790815,515,0,0
3790858,493,0,0
3790900,516,0,0
3790942,516,0,0
3790984,517,0,0
3791028,509,0,0
3791070,413,0,0
3791113,509,0,0
3791156,494,0,0
3791199,538,0,0
3791240,548,0,0
3791283,604,0,0
3791326,503,0,0
3791369,474,0,0
3791412,483,0,0
3791496,501,0,0
3791538,478,0,0
3791581,507,0,0
3791625,492,0,0
3791668,499,0,0
3791712,517,0,0
3791763,529,0,0
3791807,495,0,0
3791852,758,0,0
3791896,544,0,0
3791940,490,0,0
3791983,523,0,0
3792028,541,0,0
3792072,573,0,0
3792115,567,0,0
3792160,479,0,0
3792243,493,0,0
3792287,490,0,0
3792331,511,0,0
3792375,498,0,0
3792419,505,0,0
3792463,514,0,0
3792509,519,0,0
3792555,496,0,0
3792601,607,0,0
3792645,539,0,0
3792689,487,0,0
3792734,514,0,0
3792778,546,0,0
3792823,567,0,0
3792867,566,0,0
3792911,489,0,0
3792997,508,0,0
3793044,505,0,0
3793088,487,0,0
3793135,496,0,0
3793181,524,0,0
3793227,519,0,0
3793272,489,0,0
3793318,876,0,0
3793363,514,0,0
3793408,500,0,0
3793451,513,0,0
3793497,555,0,0
3793542,586,0,0
3793588,513,0,0
3793633,486,0,0
3793679,505,0,0
3793764,505,0,0
3793811,518,0,0
3793857,506,0,0
3793904,485,0,0
3793950,545,0,0
3793996,473,0,0
3794040,480,0,0
3794086,498,0,0
3794132,535,0,0
3794178,571,0,0
3794224,535,0,0
3794271,470,0,0
3794317,491,0,0
3794363,507,0,0
3794409,500,0,0
3794455,496,0,0
3794543,494,0,0
3794592,932,0,0
3794638,478,0,0
3794686,487,0,0
3794733,509,0,0
3794781,552,0,0
3794828,581,0,0
3794876,488,0,0
3794924,478,0,0
3794971,479,0,0
3795021,482,0,0
3795068,513,0,0
3795116,498,0,0
3795164,490,0,0
3795212,747,0,0
3795259,481,0,0
3795345,529,0,0
3795391,552,0,0
3795440,570,0,0
3795487,471,0,0
3795536,475,0,0
3795582,496,0,0
3795629,520,0,0
3795677,546,0,0
3795726,517,0,0
3795774,491,0,0
3795821,883,0,0
3795870,465,0,0
3795918,489,0,0
3795965,521,0,0
3796013,576,0,0
3796061,568,0,0
3796152,475,0,0
3796203,487,0,0
3796252,485,0,0
3796301,487,0,0
3796350,495,0,0
3796399,504,0,0
3796447,525,0,0
3796494,505,0,0
3796544,577,0,0
3796594,543,0,0
3796646,511,0,0
3796695,527,0,0
3796745,567,0,0
3796794,590,0,0
3796844,504,0,0
3796894,496,0,0
3796984,486,0,0
3797033,490,0,0
3797083,498,0,0
3797132,505,0,0
3797182,509,0,0
3797231,513,0,0
3797284,505,0,0
3797334,503,0,0
3797384,513,0,0
3797433,519,0,0
3797484,523,0,0
3797534,511,0,0
3797584,729,0,0
3797634,501,0,0
3797686,508,0,0
3797735,526,0,0
3797827,582,0,0
3797878,496,0,0
3797930,487,0,0
3797981,495,0,0
3798033,491,0,0
3798085,485,0,0
3798136,488,0,0
3798188,496,0,0
3798239,507,0,0
3798291,515,0,0
3798342,525,0,0
3798394,535,0,0
3798447,514,0,0
3798499,466,0,0
3798552,496,0,0
3798603,503,0,0
3798696,585,0,0
3798748,531,0,0
3798800,468,0,0
3798854,479,0,0
3798906,494,0,0
3798958,508,0,0
3799011,511,0,0
3799064,502,0,0
3799117,495,0,0
3799170,508,0,0
3799223,511,0,0
3799276,941,0,0
3799329,506,0,0
3799384,510,0,0
3799436,519,0,0
3799488,574,0,0
3799583,474,0,0
3799636,482,0,0
3799688,497,0,0
3799741,514,0,0
3799794,518,0,0
3799848,510,0,0
3799900,489,0,0
3799954,851,0,0
3800008,506,0,0
3800061,511,0,0
3800114,524,0,0
3800168,561,0,0
3800221,516,0,0
3800274,488,0,0
3800327,492,0,0
3800381,489,0,0
3800474,509,0,0
3800528,511,0,0
3800581,489,0,0
3800635,474,0,0
3800688,489,0,0
3800743,518,0,0
3800797,540,0,0
3800851,567,0,0
3800909,487,0,0
3800963,480,0,0
3801018,477,0,0
3801072,496,0,0
3801127,505,0,0
3801181,498,0,0
3801236,478,0,0
3801291,819,0,0
3801387,492,0,0
3801477,555,0,0
3801516,575,0,0
3801556,530,0,0
3801596,478,0,0
3801635,462,0,0
3801674,486,0,0
3801714,491,0,0
3801755,490,0,0
3801794,504,0,0
3801835,485,0,0
3801877,511,0,0
3801917,488,0,0
3801957,507,0,0
3801999,499,0,0
3802038,520,0,0
3802118,494,0,0
3802158,760,0,0
3802198,525,0,0
3802238,496,0,0
3802277,520,0,0
3802317,517,0,0
3802357,567,0,0
3802398,582,0,0
3802438,511,0,0
3802478,475,0,0
3802518,466,0,0
3802560,495,0,0
3802600,484,0,0
3802640,505,0,0
3802682,487,0,0
3802722,500,0,0
3802805,495,0,0
3802846,493,0,0
3802887,499,0,0
3802927,516,0,0
3802968,497,0,0
3803010,542,0,0
3803050,510,0,0
3803092,527,0,0
3803132,832,0,0
3803174,544,0,0
3803218,502,0,0
3803261,530,0,0
3803303,538,0,0
3803346,578,0,0
3803388,579,0,0
3803431,485,0,0
3803513,489,0,0
3803554,493,0,0
3803595,493,0,0
3803638,502,0,0
3803679,504,0,0
3803721,501,0,0
3803763,516,0,0
3803805,526,0,0
3803848,494,0,0
3803891,620,0,0
3803933,455,0,0
3803975,516,0,0
3804021,517,0,0
3804063,538,0,0
3804108,578,0,0
3804149,562,0,0
3804233,460,0,0
3804275,490,0,0
3804319,477,0,0
3804363,489,0,0
3804406,501,0,0
3804449,493,0,0
3804492,525,0,0
3804536,490,0,0
3804578,503,0,0
3804622,404,0,0
3804666,483,0,0
3804710,515,0,0
3804753,523,0,0
3804796,560,0,0
3804839,592,0,0
3804884,479,0,0
3804967,469,0,0
3805010,499,0,0
3805054,495,0,0
3805097,496,0,0
3805144,512,0,0
3805187,513,0,0
3805232,499,0,0
3805277,499,0,0
3805323,533,0,0
3805366,481,0,0
3805411,511,0,0
3805455,527,0,0
3805499,548,0,0
3805543,600,0,0
3805588,501,0,0
3805633,468,0,0
3805721,495,0,0
3805766,482,0,0
3805811,505,0,0
3805855,516,0,0
3805901,502,0,0
3805946,511,0,0
3805991,535,0,0
3806037,510,0,0
3806082,539,0,0
3806127,480,0,0
3806172,514,0,0
3806217,507,0,0
3806263,538,0,0
3806308,581,0,0
3806354,567,0,0
3806399,468,0,0
3806484,477,0,0
3806531,484,0,0
3806576,498,0,0
3806623,507,0,0
3806667,483,0,0
3806713,488,0,0
3806759,506,0,0
3806806,509,0,0
3806852,506,0,0
3806899,510,0,0
3806946,497,0,0
3806993,876,0,0
3807040,518,0,0
3807086,504,0,0
3807131,510,0,0
3807177,551,0,0
3807264,515,0,0
3807311,476,0,0
3807359,487,0,0
3807406,502,0,0
3807455,501,0,0
3807504,500,0,0
3807549,481,0,0
3807598,488,0,0
3807646,497,0,0
3807693,510,0,0
3807740,530,0,0
3807788,521,0,0
3807837,505,0,0
3807886,736,0,0
3807934,493,0,0
3807982,497,0,0
3808071,569,0,0
3808118,578,0,0
3808165,472,0,0
3808214,463,0,0
3808262,483,0,0
3808311,498,0,0
3808358,507,0,0
3808408,510,0,0
3808455,502,0,0
3808503,503,0,0
3808552,496,0,0
3808600,507,0,0
3808650,494,0,0
3808698,501,0,0
3808748,488,0,0
3808797,497,0,0
3808886,538,0,0
3808935,574,0,0
3808984,532,0,0
3809034,467,0,0
3809084,472,0,0
3809134,480,0,0
3809183,485,0,0
3809234,494,0,0
3809286,505,0,0
3809335,499,0,0
3809385,515,0,0
3809434,494,0,0
3809485,931,0,0
3809535,485,0,0
3809586,505,0,0
3809636,529,0,0
3809727,588,0,0
3809777,482,0,0
3809833,470,0,0
3809884,483,0,0
3809934,490,0,0
3809985,490,0,0
3810036,519,0,0
3810087,514,0,0
3810138,500,0,0
3810189,445,0,0
3810239,512,0,0
3810289,525,0,0
3810340,554,0,0
3810390,594,0,0
3810441,514,0,0
3810491,496,0,0
3810583,485,0,0
3810636,499,0,0
3810688,517,0,0
3810741,510,0,0
3810794,495,0,0
3810844,434,0,0
3810897,492,0,0
3810949,504,0,0
3811001,535,0,0
3811053,581,0,0
3811105,496,0,0
3811158,492,0,0
3811211,489,0,0
3811262,490,0,0
3811315,484,0,0
3811367,506,0,0
3811459,632,0,0
3811511,504,0,0
3811563,485,0,0
3811615,506,0,0
3811667,550,0,0
3811719,564,0,0
3811771,487,0,0
3811823,496,0,0
3811876,504,0,0
3811928,503,0,0
3811981,495,0,0
3812034,508,0,0
3812087,512,0,0
3812139,803,0,0
3812192,499,0,0
3812245,495,0,0
3812341,579,0,0
3812393,567,0,0
3812447,459,0,0
3812503,484,0,0
3812557,503,0,0
3812610,495,0,0
3812664,486,0,0
3812717,486,0,0
3812770,508,0,0
3812824,516,0,0
3812877,525,0,0
3812931,493,0,0
3812985,830,0,0
3813039,507,0,0
3813093,515,0,0
3813148,530,0,0
3813242,530,0,0
3813295,468,0,0
3813349,476,0,0
3813402,495,0,0
3813456,506,0,0
3813510,498,0,0
3813565,486,0,0
3813618,494,0,0
3813672,515,0,0
3813726,513,0,0
3813780,507,0,0
3813834,517,0,0
3813889,527,0,0
3813943,694,0,0
3813998,494,0,0
3814052,515,0,0
3814148,549,0,0
3814238,511,0,0
3814279,471,0,0
3814318,482,0,0
3814358,508,0,0
3814398,481,0,0
3814439,506,0,0
3814477,501,0,0
3814516,489,0,0
3814556,513,0,0
3814595,504,0,0
3814634,504,0,0
3814675,518,0,0
3814715,498,0,0
3814756,864,0,0
3814797,496,0,0
3814879,513,0,0
3814919,541,0,0
3814959,579,0,0
3814999,553,0,0
3815038,496,0,0
3815078,475,0,0
3815119,486,0,0
3815161,496,0,0
3815203,497,0,0
3815244,495,0,0
3815284,494,0,0
3815325,511,0,0
3815365,511,0,0
3815405,513,0,0
3815447,488,0,0
3815487,943,0,0
3815572,515,0,0
3815612,503,0,0
3815654,543,0,0
3815695,568,0,0
3815735,570,0,0
3815776,485,0,0
3815817,467,0,0
3815858,482,0,0
3815902,486,0,0
3815945,483,0,0
3815985,494,0,0
3816029,489,0,0
3816069,503,0,0
3816113,497,0,0
3816155,521,0,0
3816196,506,0,0
3816280,494,0,0
3816323,675,0,0
3816364,486,0,0
3816406,523,0,0
3816448,513,0,0
3816490,559,0,0
3816533,579,0,0
3816575,542,0,0
3816617,466,0,0
3816660,478,0,0
3816702,487,0,0
3816746,484,0,0
3816789,501,0,0
3816833,482,0,0
3816877,490,0,0
3816919,498,0,0
3817004,513,0,0
3817046,494,0,0
3817089,527,0,0
3817133,505,0,0
3817175,503,0,0
3817219,451,0,0
3817263,490,0,0
3817307,521,0,0
3817351,522,0,0
3817394,559,0,0
3817437,603,0,0
3817481,498,0,0
3817526,476,0,0
3817571,492,0,0
3817616,483,0,0
3817661,496,0,0
3817745,488,0,0
3817789,514,0,0
3817833,497,0,0
3817878,497,0,0
3817921,527,0,0
3817966,498,0,0
3818011,510,0,0
3818056,438,0,0
3818101,506,0,0
3818146,510,0,0
3818191,544,0,0
3818238,586,0,0
3818284,573,0,0
3818331,480,0,0
3818375,490,0,0
3818420,501,0,0
3818506,507,0,0
3818551,500,0,0
3818596,495,0,0
3818640,538,0,0
3818685,517,0,0
3818730,502,0,0
3818775,799,0,0
3818821,509,0,0
3818866,504,0,0
3818913,517,0,0
3818958,565,0,0
3819003,585,0,0
3819050,489,0,0
3819097,476,0,0
3819144,489,0,0
3819191,512,0,0
3819278,494,0,0
3819323,519,0,0
3819369,504,0,0
3819414,484,0,0
3819461,404,0,0
3819506,500,0,0
3819553,513,0,0
3819600,519,0,0
3819646,556,0,0
3819693,550,0,0
3819739,487,0,0
3819785,484,0,0
3819833,484,0,0
3819879,488,0,0
3819926,491,0,0
3819973,518,0,0
3820062,483,0,0
3820110,810,0,0
3820157,503,0,0
3820205,514,0,0
3820253,520,0,0
3820300,539,0,0
3820347,573,0,0
3820394,487,0,0
3820441,481,0,0
3820488,494,0,0
3820537,506,0,0
3820584,495,0,0
3820633,490,0,0
3820680,500,0,0
3820727,496,0,0
3820775,501,0,0
3820865,474,0,0
3820912,501,0,0
3820960,517,0,0
3821007,573,0,0
3821057,578,0,0
3821106,490,0,0
3821154,496,0,0
3821202,495,0,0
3821251,500,0,0
3821299,491,0,0
3821348,485,0,0
3821397,487,0,0
3821445,500,0,0
3821494,515,0,0
3821543,509,0,0
3821591,520,0,0
3821681,477,0,0
3821730,499,0,0
3821778,510,0,0
3821828,557,0,0
3821876,566,0,0
3821926,475,0,0
3821976,478,0,0
3822024,491,0,0
3822075,490,0,0
3822123,499,0,0
3822175,501,0,0
3822225,499,0,0
3822276,500,0,0
3822327,496,0,0
3822378,502,0,0
3822428,494,0,0
3822520,505,0,0
3822570,519,0,0
3822621,536,0,0
3822671,578,0,0
3822721,577,0,0
3822771,490,0,0
3822822,493,0,0
3822873,508,0,0
3822924,502,0,0
3822975,501,0,0
3823026,497,0,0
3823075,504,0,0
3823128,503,0,0
3823179,498,0,0
3823231,660,0,0
3823282,512,0,0
3823376,516,0,0
3823428,545,0,0
3823479,569,0,0
3823529,485,0,0
3823581,476,0,0
3823633,487,0,0
3823684,500,0,0
3823737,510,0,0
3823788,515,0,0
3823841,519,0,0
3823892,505,0,0
3823943,826,0,0
3823995,489,0,0
3824049,507,0,0
3824102,539,0,0
3824155,595,0,0
3824249,467,0,0
3824300,480,0,0
3824352,500,0,0
3824403,509,0,0
3824456,514,0,0
3824509,517,0,0
3824561,499,0,0
3824613,498,0,0
3824665,508,0,0
3824720,504,0,0
3824774,529,0,0
3824827,560,0,0
3824880,563,0,0
3824934,478,0,0
3824986,487,0,0
3825039,510,0,0
3825133,493,0,0
3825185,508,0,0
3825239,537,0,0
3825291,501,0,0
3825344,567,0,0
3825397,515,0,0
3825449,494,0,0
3825502,526,0,0
3825556,576,0,0
3825609,568,0,0
3825662,468,0,0
3825716,479,0,0
3825769,502,0,0
3825822,508,0,0
3825875,503,0,0
3825928,498,0,0
3826022,527,0,0
3826074,512,0,0
3826127,412,0,0
3826181,485,0,0
3826235,522,0,0
3826289,561,0,0
3826344,579,0,0
3826397,477,0,0
3826452,488,0,0
3826507,496,0,0
3826561,483,0,0
3826615,485,0,0
3826669,501,0,0
3826725,522,0,0
3826780,489,0,0
3826835,519,0,0
3826970,518,0,0
3827008,533,0,0
3827047,541,0,0
3827087,591,0,0
3827127,506,0,0
3827166,465,0,0
3827205,494,0,0
3827245,491,0,0
3827284,495,0,0
3827323,504,0,0
3827366,490,0,0
3827405,513,0,0
3827444,511,0,0
3827484,505,0,0
3827524,512,0,0
3827563,907,0,0
3827645,492,0,0
3827686,521,0,0
3827726,532,0,0
3827766,557,0,0
3827808,572,0,0
3827848,488,0,0
3827889,498,0,0
3827930,485,0,0
3827970,514,0,0
3828010,500,0,0
3828052,503,0,0
3828092,512,0,0
3828132,511,0,0
3828172,513,0,0
3828221,613,0,0
3828261,439,0,0
3828345,496,0,0
3828385,528,0,0
3828427,554,0,0
3828468,587,0,0
3828509,494,0,0
3828551,477,0,0
3828593,482,0,0
3828635,498,0,0
3828676,496,0,0
3828717,493,0,0
3828760,495,0,0
3828801,528,0,0
3828844,499,0,0
3828886,507,0,0
3828929,951,0,0
3828970,507,0,0
3829053,518,0,0
3829095,524,0,0
3829137,579,0,0
3829179,541,0,0
3829222,485,0,0
3829263,468,0,0
3829305,496,0,0
3829348,486,0,0
3829390,503,0,0
3829433,483,0,0
3829477,485,0,0
3829520,526,0,0
3829564,486,0,0
3829607,500,0,0
3829650,937,0,0
3829692,485,0,0
3829778,504,0,0
3829821,554,0,0
3829863,565,0,0
3829907,528,0,0
3829950,472,0,0
3829994,483,0,0
3830038,504,0,0
3830081,488,0,0
3830124,495,0,0
3830168,500,0,0
3830213,490,0,0
3830258,508,0,0
3830303,522,0,0
3830347,482,0,0
3830390,520,0,0
3830434,417,0,0
3830519,514,0,0
3830563,511,0,0
3830606,573,0,0
3830650,579,0,0
3830695,479,0,0
3830741,484,0,0
3830784,489,0,0
3830830,483,0,0
3830875,494,0,0
3830919,505,0,0
3830964,486,0,0
3831009,506,0,0
3831054,533,0,0
3831100,511,0,0
3831144,497,0,0
3831189,940,0,0
3831275,508,0,0
3831321,537,0,0
3831365,534,0,0
3831410,577,0,0
3831456,525,0,0
3831502,491,0,0
3831548,484,0,0
3831594,488,0,0
3831639,512,0,0
3831684,495,0,0
3831728,492,0,0
3831773,515,0,0
3831819,509,0,0
3831865,524,0,0
3831910,439,0,0
3831956,504,0,0
3832042,519,0,0
3832089,568,0,0
3832134,559,0,0
3832180,477,0,0
3832227,480,0,0
3832274,499,0,0
3832320,507,0,0
3832367,493,0,0
3832414,489,0,0
3832461,506,0,0
3832507,509,0,0
3832554,728,0,0
3832602,530,0,0
3832648,499,0,0
3832696,514,0,0
3832741,551,0,0
3832830,505,0,0
3832878,464,0,0
3832926,482,0,0
3832973,500,0,0
3833020,500,0,0
3833066,494,0,0
3833114,501,0,0
3833161,497,0,0
3833209,498,0,0
3833255,844,0,0
3833301,493,0,0
3833349,504,0,0
3833396,518,0,0
3833444,563,0,0
3833492,570,0,0
3833540,483,0,0
3833629,479,0,0
3833675,497,0,0
3833722,502,0,0
3833770,513,0,0
3833817,507,0,0
3833868,516,0,0
3833916,500,0,0
3833965,823,0,0
3834013,478,0,0
3834061,493,0,0
3834109,523,0,0
3834156,575,0,0
3834206,576,0,0
3834255,492,0,0
3834305,496,0,0
3834353,508,0,0
3834444,486,0,0
3834492,494,0,0
3834541,501,0,0
3834591,509,0,0
3834640,524,0,0
3834689,511,0,0
3834738,657,0,0
3834787,514,0,0
3834836,526,0,0
3834886,546,0,0
3834937,590,0,0
3834987,551,0,0
3835037,493,0,0
3835086,499,0,0
3835137,504,0,0
3835186,509,0,0
3835276,504,0,0
3835326,503,0,0
3835376,508,0,0
3835427,498,0,0
3835478,833,0,0
3835530,487,0,0
3835581,507,0,0
3835632,529,0,0
3835683,570,0,0
3835734,533,0,0
3835784,485,0,0
3835835,501,0,0
3835885,507,0,0
3835937,508,0,0
3835987,509,0,0
3836037,514,0,0
3836132,492,0,0
3836184,935,0,0
3836237,501,0,0
3836288,511,0,0
3836340,537,0,0
3836392,570,0,0
3836443,525,0,0
3836496,461,0,0
3836547,470,0,0
3836597,481,0,0
3836650,497,0,0
3836702,513,0,0
3836755,510,0,0
3836807,521,0,0
3836860,493,0,0
3836911,641,0,0
3837004,510,0,0
3837060,511,0,0
3837111,544,0,0
3837163,568,0,0
3837216,472,0,0
3837269,477,0,0
3837321,502,0,0
3837372,499,0,0
3837425,487,0,0
3837478,492,0,0
3837530,487,0,0
3837583,516,0,0
3837637,510,0,0
3837690,978,0,0
3837743,488,0,0
3837796,495,0,0
3837892,569,0,0
3837944,536,0,0
3837996,459,0,0
3838049,478,0,0
3838102,494,0,0
3838154,507,0,0
3838207,499,0,0
3838260,489,0,0
3838313,494,0,0
3838366,512,0,0
3838419,513,0,0
3838472,599,0,0
3838529,496,0,0
3838583,514,0,0
3838637,558,0,0
3838690,592,0,0
3838785,488,0,0
3838839,504,0,0
3838894,497,0,0
3838949,497,0,0
3839004,516,0,0
3839057,515,0,0
3839111,495,0,0
3839167,939,0,0
3839222,506,0,0
3839275,505,0,0
3839329,517,0,0
3839385,577,0,0
3839440,503,0,0
3839494,467,0,0
3839550,486,0,0
3839607,497,0,0
3839740,516,0,0
3839780,491,0,0
3839820,501,0,0
3839858,909,0,0
3839897,479,0,0
3839937,509,0,0
3839976,515,0,0
3840016,535,0,0
3840055,584,0,0
3840095,570,0,0
3840136,499,0,0
3840175,475,0,0
3840214,480,0,0
3840254,507,0,0
3840294,487,0,0
3840334,507,0,0
3840415,515,0,0
3840456,515,0,0
3840495,488,0,0
3840535,824,0,0
3840576,529,0,0
3840617,505,0,0
3840658,510,0,0
3840698,528,0,0
3840739,576,0,0
3840780,576,0,0
3840821,495,0,0
3840862,463,0,0
3840902,492,0,0
3840946,486,0,0
3840988,509,0,0
3841030,486,0,0
3841113,500,0,0
3841156,527,0,0
3841198,495,0,0
3841239,559,0,0
3841280,426,0,0
3841323,507,0,0
3841364,502,0,0
3841405,538,0,0
3841446,552,0,0
3841488,598,0,0
3841530,490,0,0
3841573,477,0,0
3841615,483,0,0
3841657,496,0,0
3841698,499,0,0
3841744,489,0,0
3841828,493,0,0
3841871,521,0,0
3841912,512,0,0
3841954,516,0,0
3841996,531,0,0
3842038,444,0,0
3842081,498,0,0
3842123,523,0,0
3842166,528,0,0
3842209,561,0,0
3842251,596,0,0
3842293,492,0,0
3842335,490,0,0
3842378,476,0,0
3842421,509,0,0
3842465,494,0,0
3842550,502,0,0
3842593,495,0,0
3842636,533,0,0
3842679,508,0,0
3842722,520,0,0
3842765,852,0,0
3842809,505,0,0
3842855,514,0,0
3842897,507,0,0
3842941,537,0,0
3842985,587,0,0
3843030,523,0,0
3843074,482,0,0
3843118,496,0,0
3843161,484,0,0
3843205,501,0,0
3843290,501,0,0
3843333,510,0,0
3843378,492,0,0
3843421,509,0,0
3843466,842,0,0
3843509,483,0,0
3843553,516,0,0
3843597,505,0,0
3843641,537,0,0
3843685,584,0,0
3843729,491,0,0
3843773,482,0,0
3843818,497,0,0
3843862,482,0,0
3843907,492,0,0
3843951,503,0,0
3844038,519,0,0
3844082,494,0,0
3844127,899,0,0
3844172,503,0,0
3844219,515,0,0
3844264,516,0,0
3844311,537,0,0
3844356,585,0,0
3844402,508,0,0
3844446,468,0,0
3844492,482,0,0
3844537,509,0,0
3844584,506,0,0
3844630,491,0,0
3844676,508,0,0
3844722,513,0,0
3844809,944,0,0
3844853,496,0,0
3844899,494,0,0
3844944,508,0,0
3844989,551,0,0
3845036,597,0,0
3845082,485,0,0
3845130,459,0,0
3845177,473,0,0
3845223,494,0,0
3845270,505,0,0
3845318,503,0,0
3845364,489,0,0
3845411,506,0,0
3845457,504,0,0
3845506,496,0,0
3845596,493,0,0
3845644,503,0,0
3845691,536,0,0
3845738,590,0,0
3845785,569,0,0
3845832,478,0,0
3845880,479,0,0
3845928,481,0,0
3845975,489,0,0
3846023,501,0,0
3846076,495,0,0
3846123,504,0,0
3846170,529,0,0
3846219,519,0,0
3846266,521,0,0
3846315,493,0,0
3846403,528,0,0
3846452,544,0,0
3846499,574,0,0
3846546,519,0,0
3846594,469,0,0
3846643,476,0,0
3846692,483,0,0
3846742,483,0,0
3846790,496,0,0
3846840,504,0,0
3846889,525,0,0
3846941,495,0,0
3846989,939,0,0
3847039,497,0,0
3847087,517,0,0
3847138,530,0,0
3847229,559,0,0
3847279,469,0,0
3847328,468,0,0
3847377,478,0,0
3847427,480,0,0
3847476,484,0,0
3847525,492,0,0
3847574,488,0,0
3847624,510,0,0
3847674,484,0,0
3847723,495,0,0
3847774,507,0,0
3847825,536,0,0
3847875,571,0,0
3847925,476,0,0
3847977,467,0,0
3848068,507,0,0
3848119,507,0,0
3848168,516,0,0
3848217,512,0,0
3848269,514,0,0
3848320,459,0,0
3848371,507,0,0
3848423,515,0,0
3848473,545,0,0
3848524,580,0,0
3848576,492,0,0
3848627,470,0,0
3848678,483,0,0
3848730,495,0,0
3848782,499,0,0
3848834,513,0,0
3848927,498,0,0
3848979,482,0,0
3849029,440,0,0
3849080,491,0,0
3849131,516,0,0
3849182,549,0,0
3849233,591,0,0
3849285,500,0,0
3849337,488,0,0
3849389,497,0,0
3849441,497,0,0
3849492,492,0,0
3849543,491,0,0
3849596,494,0,0
3849649,524,0,0
3849701,529,0,0
3849794,916,0,0
3849847,490,0,0
3849898,507,0,0
3849950,536,0,0
3850003,588,0,0
3850059,498,0,0
3850112,460,0,0
3850164,478,0,0
3850217,501,0,0
3850269,506,0,0
3850321,502,0,0
3850376,486,0,0
3850428,489,0,0
3850482,522,0,0
3850534,519,0,0
3850587,513,0,0
3850681,507,0,0
3850735,531,0,0
3850789,550,0,0
3850841,587,0,0
3850894,487,0,0
3850947,476,0,0
3851000,501,0,0
3851052,511,0,0
3851106,496,0,0
3851159,492,0,0
3851212,499,0,0
3851265,517,0,0
3851319,522,0,0
3851372,807,0,0
3851426,488,0,0
3851479,502,0,0
3851574,556,0,0
3851628,548,0,0
3851683,495,0,0
3851737,498,0,0
3851795,484,0,0
3851848,494,0,0
3851903,509,0,0
3851958,507,0,0
3852013,490,0,0
3852066,630,0,0
3852120,514,0,0
3852176,496,0,0
3852230,515,0,0
3852284,576,0,0
3852340,514,0,0
3852432,480,0,0
3852513,487,0,0
3852553,500,0,0
3852593,481,0,0
3852632,502,0,0
3852670,519,0,0
3852709,509,0,0
3852748,498,0,0
3852788,550,0,0
3852829,398,0,0
3852870,503,0,0
3852911,497,0,0
3852950,535,0,0
3852990,548,0,0
3853030,584,0,0
3853070,531,0,0
3853111,466,0,0
3853193,481,0,0
3853234,506,0,0
3853274,496,0,0
3853315,500,0,0
3853354,504,0,0
3853394,491,0,0
3853433,515,0,0
3853474,519,0,0
3853514,516,0,0
3853557,497,0,0
3853599,915,0,0
3853640,516,0,0
3853682,508,0,0
3853722,513,0,0
3853764,540,0,0
3853806,568,0,0
3853888,484,0,0
3853930,468,0,0
3853972,482,0,0
3854012,484,0,0
3854054,503,0,0
3854096,489,0,0
3854137,500,0,0
3854180,498,0,0
3854221,507,0,0
3854263,500,0,0
3854305,511,0,0
3854347,525,0,0
3854389,513,0,0
3854433,513,0,0
3854475,783,0,0
3854519,508,0,0
3854602,539,0,0
3854645,541,0,0
3854686,592,0,0
3854729,531,0,0
3854771,479,0,0
3854814,481,0,0
3854858,483,0,0
3854901,508,0,0
3854945,483,0,0
3854986,507,0,0
3855029,494,0,0
3855071,503,0,0
3855113,496,0,0
3855156,511,0,0
3855201,539,0,0
3855245,503,0,0
3855331,536,0,0
3855375,502,0,0
3855418,533,0,0
3855461,533,0,0
3855505,579,0,0
3855550,583,0,0
3855594,477,0,0
3855638,486,0,0
3855683,505,0,0
3855727,494,0,0
3855770,506,0,0
3855814,505,0,0
3855857,495,0,0
3855903,530,0,0
3855948,518,0,0
3855995,500,0,0
3856079,490,0,0
3856124,498,0,0
3856167,532,0,0
3856212,534,0,0
3856256,568,0,0
3856299,515,0,0
3856343,466,0,0
3856388,476,0,0
3856432,498,0,0
3856476,479,0,0
3856520,489,0,0
3856566,506,0,0
3856611,497,0,0
3856656,495,0,0
3856702,655,0,0
3856748,524,0,0
3856835,523,0,0
3856880,535,0,0
3856926,565,0,0
3856970,544,0,0
3857015,481,0,0
3857061,473,0,0
3857107,487,0,0
3857151,506,0,0
3857198,503,0,0
3857244,490,0,0
3857289,507,0,0
3857334,515,0,0
3857379,488,0,0
3857425,380,0,0
3857472,489,0,0
3857518,522,0,0
3857604,568,0,0
3857650,581,0,0
3857695,471,0,0
3857741,468,0,0
3857788,487,0,0
3857835,509,0,0
3857881,507,0,0
3857927,491,0,0
3857973,508,0,0
3858019,523,0,0
3858065,509,0,0
3858111,864,0,0
3858158,489,0,0
3858205,497,0,0
3858252,529,0,0
3858299,562,0,0
3858387,501,0,0
3858434,484,0,0
3858480,486,0,0
3858527,482,0,0
3858575,481,0,0
3858622,488,0,0
3858670,496,0,0
3858718,516,0,0
3858764,510,0,0
3858811,496,0,0
3858859,933,0,0
3858906,489,0,0
3858953,509,0,0
3859001,533,0,0
3859050,573,0,0
3859099,585,0,0
3859187,471,0,0
3859236,499,0,0
3859283,512,0,0
3859330,501,0,0
3859379,499,0,0
3859428,495,0,0
3859476,501,0,0
3859525,507,0,0
3859574,501,0,0
3859622,647,0,0
3859671,500,0,0
3859720,513,0,0
3859770,533,0,0
3859819,576,0,0
3859869,552,0,0
3859921,480,0,0
3860012,496,0,0
3860063,507,0,0
3860113,500,0,0
3860163,504,0,0
3860212,512,0,0
3860262,502,0,0
3860312,618,0,0
3860362,518,0,0
3860413,503,0,0
3860463,530,0,0
3860512,548,0,0
3860563,576,0,0
3860612,486,0,0
3860661,479,0,0
3860711,494,0,0
3860762,502,0,0
3860855,505,0,0
3860906,499,0,0
3860955,490,0,0
3861005,475,0,0
3861056,484,0,0
3861105,500,0,0
3861157,521,0,0
3861208,566,0,0
3861259,498,0,0
3861310,468,0,0
3861361,482,0,0
3861414,498,0,0
3861464,503,0,0
3861514,508,0,0
3861566,529,0,0
3861619,502,0,0
3861714,502,0,0
3861765,520,0,0
3861817,538,0,0
3861868,584,0,0
3861919,539,0,0
3861969,477,0,0
3862020,481,0,0
3862073,484,0,0
3862124,481,0,0
3862175,488,0,0
3862228,500,0,0
3862281,522,0,0
3862334,506,0,0
3862387,614,0,0
3862440,483,0,0
3862493,502,0,0
3862587,576,0,0
3862639,513,0,0
3862690,465,0,0
3862742,478,0,0
3862795,494,0,0
3862847,500,0,0
3862899,511,0,0
3862950,513,0,0
3863003,507,0,0
3863055,517,0,0
3863107,498,0,0
3863159,497,0,0
3863212,389,0,0
3863264,508,0,0
3863316,528,0,0
3863369,545,0,0
3863463,510,0,0
3863517,487,0,0
3863569,489,0,0
3863622,487,0,0
3863675,483,0,0
3863727,487,0,0
3863782,509,0,0
3863834,508,0,0
3863890,495,0,0
3863942,513,0,0
3863997,517,0,0
3864050,947,0,0
3864103,504,0,0
3864156,507,0,0
3864209,526,0,0
3864264,592,0,0
3864360,470,0,0
3864413,494,0,0
3864468,505,0,0
3864521,486,0,0
3864575,486,0,0
3864630,503,0,0
3864691,502,0,0
3864745,501,0,0
3864799,958,0,0
3864855,493,0,0
3864909,497,0,0
3864963,537,0,0
3865020,579,0,0
3865075,488,0,0
3865129,487,0,0
3865221,488,0,0
3865303,497,0,0
3865343,506,0,0
3865383,518,0,0
3865421,491,0,0
3865462,647,0,0
3865502,475,0,0
3865542,483,0,0
3865582,524,0,0
3865622,512,0,0
3865661,541,0,0
3865700,587,0,0
3865740,497,0,0
3865780,483,0,0
3865819,483,0,0
3865860,481,0,0
3865900,500,0,0
3865982,508,0,0
3866023,499,0,0
3866062,513,0,0
3866102,505,0,0
3866143,926,0,0
3866184,501,0,0
3866224,491,0,0
3866265,527,0,0
3866306,527,0,0
3866346,582,0,0
3866387,556,0,0
3866429,482,0,0
3866469,472,0,0
3866510,477,0,0
3866552,501,0,0
3866593,491,0,0
3866676,487,0,0
3866716,523,0,0
3866758,497,0,0
3866799,502,0,0
3866841,722,0,0
3866883,536,0,0
3866925,487,0,0
3866966,521,0,0
3867008,518,0,0
3867049,574,0,0
3867092,565,0,0
3867134,497,0,0
3867176,471,0,0
3867218,490,0,0
3867261,495,0,0
3867304,491,0,0
3867386,499,0,0
3867429,504,0,0
3867470,496,0,0
3867513,516,0,0
3867556,497,0,0
3867598,526,0,0
3867640,509,0,0
3867683,548,0,0
3867725,511,0,0
3867768,518,0,0
3867809,817,0,0
3867854,499,0,0
3867898,527,0,0
3867942,522,0,0
3867985,557,0,0
3868029,589,0,0
3868113,487,0,0
3868156,472,0,0
3868198,505,0,0
3868241,491,0,0
3868284,506,0,0
3868328,497,0,0
3868373,489,0,0
3868416,516,0,0
3868460,500,0,0
3868505,498,0,0
3868549,525,0,0
3868594,512,0,0
3868637,522,0,0
3868681,527,0,0
3868724,496,0,0
3868768,409,0,0
3868854,512,0,0
3868899,546,0,0
3868943,558,0,0
3868987,583,0,0
3869031,513,0,0
3869076,470,0,0
3869121,477,0,0
3869166,499,0,0
3869211,485,0,0
3869255,479,0,0
3869299,510,0,0
3869342,487,0,0
3869386,498,0,0
3869432,515,0,0
3869477,517,0,0
3869522,499,0,0
3869609,826,0,0
3869653,486,0,0
3869698,517,0,0
3869743,519,0,0
3869788,541,0,0
3869835,582,0,0
3869882,502,0,0
3869927,468,0,0
3869973,475,0,0
3870021,484,0,0
3870065,507,0,0
3870111,492,0,0
3870157,489,0,0
3870204,506,0,0
3870249,517,0,0
3870296,505,0,0
3870384,506,0,0
3870429,521,0,0
3870478,533,0,0
3870524,559,0,0
3870568,570,0,0
3870613,497,0,0
3870658,471,0,0
3870704,488,0,0
3870750,500,0,0
3870796,506,0,0
3870843,500,0,0
3870887,516,0,0
3870934,506,0,0
3870981,864,0,0
3871028,501,0,0
3871074,494,0,0
3871163,546,0,0
3871210,566,0,0
3871255,496,0,0
3871302,477,0,0
3871350,492,0,0
3871397,501,0,0
3871447,499,0,0
3871494,495,0,0
3871541,492,0,0
3871588,482,0,0
3871635,935,0,0
3871683,493,0,0
3871730,505,0,0
3871779,528,0,0
3871827,560,0,0
3871877,560,0,0
3871966,494,0,0
3872014,509,0,0
3872062,507,0,0
3872111,501,0,0
3872160,522,0,0
3872208,497,0,0
3872256,486,0,0
3872305,394,0,0
3872353,494,0,0
3872401,517,0,0
3872449,552,0,0
3872499,585,0,0
3872548,529,0,0
3872597,477,0,0
3872646,491,0,0
3872696,504,0,0
3872787,491,0,0
3872835,493,0,0
3872884,528,0,0
3872934,510,0,0
3872984,499,0,0
3873034,444,0,0
3873084,507,0,0
3873134,522,0,0
3873185,547,0,0
3873235,584,0,0
3873285,502,0,0
3873334,480,0,0
3873384,488,0,0
3873435,498,0,0
3873486,495,0,0
3873535,499,0,0
3873626,495,0,0
3873678,507,0,0
3873729,515,0,0
3873780,533,0,0
3873829,515,0,0
3873880,750,0,0
3873932,515,0,0
3873983,519,0,0
3874037,526,0,0
3874088,555,0,0
3874139,563,0,0
3874190,469,0,0
3874241,481,0,0
3874293,492,0,0
3874345,501,0,0
3874398,518,0,0
3874491,493,0,0
3874542,499,0,0
3874596,530,0,0
3874647,532,0,0
3874698,529,0,0
3874750,635,0,0
3874801,510,0,0
3874852,518,0,0
3874903,535,0,0
3874955,570,0,0
3875006,515,0,0
3875057,467,0,0
3875109,481,0,0
3875161,493,0,0
3875213,502,0,0
3875265,505,0,0
3875359,510,0,0
3875410,502,0,0
3875462,500,0,0
3875514,495,0,0
3875565,508,0,0
3875617,518,0,0
3875669,545,0,0
3875722,570,0,0
3875773,464,0,0
3875826,463,0,0
3875879,489,0,0
3875932,506,0,0
3875984,498,0,0
3876041,487,0,0
3876093,499,0,0
3876147,520,0,0
3876242,926,0,0
3876296,496,0,0
3876349,517,0,0
3876403,536,0,0
3876456,573,0,0
3876510,509,0,0
3876563,482,0,0
3876616,503,0,0
3876670,494,0,0
3876724,490,0,0
3876778,498,0,0
3876831,518,0,0
3876886,503,0,0
3876940,509,0,0
3876994,523,0,0
3877049,522,0,0
3877147,513,0,0
3877202,524,0,0
3877256,539,0,0
3877310,579,0,0
3877364,501,0,0
3877418,481,0,0
3877473,483,0,0
3877527,489,0,0
3877581,510,0,0
3877635,508,0,0
3877690,491,0,0
3877746,508,0,0
3877800,522,0,0
3877854,526,0,0
3877945,925,0,0
3877985,528,0,0
3878066,530,0,0
3878105,526,0,0
3878144,561,0,0
3878183,602,0,0
3878223,499,0,0
3878263,481,0,0
3878302,490,0,0
3878341,484,0,0
3878381,508,0,0
3878420,500,0,0
3878461,494,0,0
3878501,512,0,0
3878540,491,0,0
3878583,526,0,0
3878625,492,0,0
3878666,511,0,0
3878748,504,0,0
3878789,495,0,0
3878830,517,0,0
3878869,545,0,0
3878909,557,0,0
3878950,544,0,0
3878991,462,0,0
3879031,486,0,0
3879071,488,0,0
3879112,490,0,0
3879154,501,0,0
3879196,492,0,0
3879237,497,0,0
3879279,507,0,0
3879319,512,0,0
3879364,498,0,0
3879448,502,0,0
3879491,499,0,0
3879533,536,0,0
3879575,540,0,0
3879616,592,0,0
3879658,500,0,0
3879700,488,0,0
3879741,476,0,0
3879784,507,0,0
3879826,488,0,0
3879867,511,0,0
3879908,490,0,0
3879949,511,0,0
3879991,509,0,0
3880034,517,0,0
3880076,485,0,0
3880158,486,0,0
3880200,519,0,0
3880242,504,0,0
3880284,562,0,0
3880325,570,0,0
3880367,527,0,0
3880408,470,0,0
3880453,490,0,0
3880494,491,0,0
3880537,497,0,0
3880580,496,0,0
3880623,490,0,0
3880666,513,0,0
3880709,508,0,0
3880751,527,0,0
3880794,489,0,0
3880880,517,0,0
3880922,490,0,0
3880966,524,0,0
3881010,523,0,0
3881054,575,0,0
3881098,554,0,0
3881141,468,0,0
3881184,492,0,0
3881227,477,0,0
3881270,501,0,0
3881313,495,0,0
3881357,483,0,0
3881400,512,0,0
3881444,489,0,0
3881487,510,0,0
3881531,513,0,0
3881616,572,0,0
3881660,483,0,0
3881704,507,0,0
3881747,524,0,0
3881792,540,0,0
3881835,587,0,0
3881881,503,0,0
3881925,477,0,0
3881970,497,0,0
3882014,500,0,0
3882060,485,0,0
3882104,504,0,0
3882150,517,0,0
3882196,513,0,0
3882241,510,0,0
3882286,513,0,0
3882374,491,0,0
3882418,515,0,0
3882470,529,0,0
3882514,555,0,0
3882559,564,0,0
3882605,505,0,0
3882650,505,0,0
3882697,488,0,0
3882744,484,0,0
3882789,497,0,0
3882835,509,0,0
3882880,507,0,0
3882926,491,0,0
3882972,481,0,0
3883018,411,0,0
3883065,501,0,0
3883153,534,0,0
3883200,573,0,0
3883245,549,0,0
3883291,466,0,0
3883337,487,0,0
3883382,496,0,0
3883430,484,0,0
3883475,491,0,0
3883523,498,0,0
3883568,523,0,0
3883616,498,0,0
3883662,654,0,0
3883708,519,0,0
3883756,488,0,0
3883803,517,0,0
3883852,552,0,0
3883942,489,0,0
3883991,460,0,0
3884038,488,0,0
3884085,503,0,0
3884131,495,0,0
3884179,491,0,0
3884227,483,0,0
3884276,506,0,0
3884323,493,0,0
3884370,730,0,0
3884419,519,0,0
3884470,510,0,0
3884519,528,0,0
3884568,565,0,0
3884616,587,0,0
3884666,493,0,0
3884755,496,0,0
3884805,501,0,0
3884853,511,0,0
3884902,511,0,0
3884951,519,0,0
3884999,514,0,0
3885046,512,0,0
3885096,492,0,0
3885145,954,0,0
3885193,481,0,0
3885241,504,0,0
3885291,520,0,0
3885341,560,0,0
3885391,560,0,0
3885441,472,0,0
3885491,483,0,0
3885581,495,0,0
3885631,496,0,0
3885680,493,0,0
3885728,493,0,0
3885781,509,0,0
3885832,504,0,0
3885883,618,0,0
3885933,509,0,0
3885982,517,0,0
3886032,541,0,0
3886083,574,0,0
3886134,529,0,0
3886184,497,0,0
3886235,507,0,0
3886286,510,0,0
3886337,500,0,0
3886428,502,0,0
3886478,490,0,0
3886528,476,0,0
3886578,448,0,0
3886628,481,0,0
3886679,504,0,0
3886729,525,0,0
3886781,564,0,0
3886831,494,0,0
3886883,489,0,0
3886934,505,0,0
3886985,516,0,0
3887035,510,0,0
3887088,509,0,0
3887140,524,0,0
3887191,507,0,0
3887284,448,0,0
3887336,514,0,0
3887387,525,0,0
3887437,549,0,0
3887489,577,0,0
3887544,483,0,0
3887596,469,0,0
3887647,486,0,0
3887699,497,0,0
3887750,496,0,0
3887801,505,0,0
3887853,511,0,0
3887905,505,0,0
3887957,523,0,0
3888009,496,0,0
3888061,502,0,0
3888155,502,0,0
3888208,505,0,0
3888261,529,0,0
3888312,561,0,0
3888364,480,0,0
3888417,488,0,0
3888470,496,0,0
3888522,493,0,0
3888575,487,0,0
3888627,493,0,0
3888679,489,0,0
3888731,493,0,0
3888783,518,0,0
3888836,528,0,0
3888889,506,0,0
3888941,452,0,0
3889038,521,0,0
3889091,530,0,0
3889145,564,0,0
3889197,504,0,0
3889252,496,0,0
3889304,504,0,0
3889358,489,0,0
3889412,489,0,0
3889466,505,0,0
3889519,513,0,0
3889572,515,0,0
3889626,514,0,0
3889680,500,0,0
3889733,936,0,0
3889790,499,0,0
3889845,500,0,0
3889942,563,0,0
3889996,521,0,0
3890050,485,0,0
3890103,508,0,0
3890157,494,0,0
3890211,489,0,0
3890264,496,0,0
3890319,516,0,0
3890374,515,0,0
3890430,489,0,0
3890485,406,0,0
3890539,503,0,0
3890594,507,0,0
3890648,543,0,0
3890738,507,0,0
3890778,468,0,0
3890861,483,0,0
3890901,507,0,0
3890942,494,0,0
3890980,496,0,0
3891019,512,0,0
3891059,503,0,0
3891099,524,0,0
3891138,510,0,0
3891180,529,0,0
3891222,431,0,0
3891262,490,0,0
3891303,519,0,0
3891342,521,0,0
3891384,563,0,0
3891424,587,0,0
3891463,508,0,0
3891546,473,0,0
3891588,499,0,0
3891627,484,0,0
3891668,507,0,0
3891709,493,0,0
3891750,512,0,0
3891792,503,0,0
3891832,522,0,0
3891873,511,0,0
3891914,490,0,0
3891955,598,0,0
3891997,491,0,0
3892039,513,0,0
3892081,522,0,0
3892123,554,0,0
3892164,574,0,0
3892247,475,0,0
3892289,497,0,0
3892330,490,0,0
3892372,511,0,0
3892414,497,0,0
3892457,505,0,0
3892500,508,0,0
3892543,502,0,0
3892586,528,0,0
3892627,506,0,0
3892668,511,0,0
3892708,936,0,0
3892751,504,0,0
3892795,499,0,0
3892838,530,0,0
3892881,534,0,0
3892964,530,0,0
3893005,494,0,0
3893047,478,0,0
3893090,497,0,0
3893134,506,0,0
3893176,488,0,0
3893220,511,0,0
3893263,490,0,0
3893306,516,0,0
3893349,499,0,0
3893392,499,0,0
3893435,418,0,0
3893480,484,0,0
3893525,508,0,0
3893572,541,0,0
3893615,558,0,0
3893701,488,0,0
3893743,466,0,0
3893787,498,0,0
3893831,485,0,0
3893875,492,0,0
3893918,503,0,0
3893962,491,0,0
3894006,524,0,0
3894050,501,0,0
3894093,548,0,0
3894139,512,0,0
3894182,498,0,0
3894227,502,0,0
3894272,545,0,0
3894318,575,0,0
3894362,537,0,0
3894449,481,0,0
3894494,481,0,0
3894537,504,0,0
3894581,488,0,0
3894626,486,0,0
3894669,509,0,0
3894713,507,0,0
3894758,493,0,0
3894805,496,0,0
3894850,539,0,0
3894894,475,0,0
3894938,501,0,0
3894983,520,0,0
3895029,535,0,0
3895075,564,0,0
3895119,485,0,0
3895208,478,0,0
3895252,498,0,0
3895299,488,0,0
3895345,483,0,0
3895391,496,0,0
3895438,504,0,0
3895482,490,0,0
3895527,500,0,0
3895572,509,0,0
3895617,497,0,0
3895662,380,0,0
3895710,488,0,0
3895756,512,0,0
3895803,539,0,0
3895848,558,0,0
3895894,542,0,0
3895982,475,0,0
3896027,487,0,0
3896073,501,0,0
3896119,505,0,0
3896164,490,0,0
3896212,491,0,0
3896260,495,0,0
3896306,518,0,0
3896351,533,0,0
3896398,507,0,0
3896444,674,0,0
3896490,549,0,0
3896536,530,0,0
3896583,530,0,0
3896629,548,0,0
3896676,584,0,0
3896764,488,0,0
3896811,491,0,0
3896857,518,0,0
3896903,521,0,0
3896951,515,0,0
3896999,501,0,0
3897047,511,0,0
3897095,506,0,0
3897143,492,0,0
3897191,457,0,0
3897239,483,0,0
3897289,501,0,0
3897338,532,0,0
3897388,577,0,0
3897438,532,0,0
3897487,495,0,0
3897578,489,0,0
3897626,500,0,0
3897674,504,0,0
3897723,515,0,0
3897772,515,0,0
3897819,530,0,0
3897868,505,0,0
3897918,645,0,0
3897967,525,0,0
3898015,491,0,0
3898064,505,0,0
3898113,535,0,0
3898163,564,0,0
3898213,477,0,0
3898262,462,0,0
3898313,474,0,0
3898405,502,0,0
3898453,508,0,0
3898504,512,0,0
3898553,507,0,0
3898602,529,0,0
3898653,522,0,0
3898703,514,0,0
3898753,508,0,0
3898804,516,0,0
3898854,530,0,0
3898906,548,0,0
3898955,595,0,0
3899004,529,0,0
3899054,491,0,0
3899105,494,0,0
3899157,496,0,0
3899249,488,0,0
3899299,487,0,0
3899348,489,0,0
3899397,491,0,0
3899448,506,0,0
3899499,490,0,0
3899551,853,0,0
3899600,500,0,0
3899650,508,0,0
3899701,531,0,0
3899754,583,0,0
3899806,566,0,0
3899858,480,0,0
3899909,483,0,0
3899961,486,0,0
3900013,487,0,0
3900107,505,0,0
3900157,509,0,0
3900208,521,0,0
3900260,500,0,0
3900311,944,0,0
3900362,485,0,0
3900413,505,0,0
3900464,525,0,0
3900516,564,0,0
3900568,541,0,0
3900619,494,0,0
3900670,502,0,0
3900722,511,0,0
3900773,510,0,0
3900832,496,0,0
3900884,526,0,0
3900977,487,0,0
3901028,382,0,0
3901080,489,0,0
3901132,505,0,0
3901184,545,0,0
3901237,585,0,0
3901289,498,0,0
3901342,481,0,0
3901395,490,0,0
3901449,492,0,0
3901501,502,0,0
3901554,516,0,0
3901607,531,0,0
3901660,502,0,0
3901714,603,0,0
3901766,518,0,0
3901861,512,0,0
3901914,545,0,0
3901967,577,0,0
3902020,490,0,0
3902073,491,0,0
3902128,484,0,0
3902181,490,0,0
3902235,506,0,0
3902289,517,0,0
3902343,516,0,0
3902396,503,0,0
3902452,500,0,0
3902506,493,0,0
3902560,494,0,0
3902614,501,0,0
3902667,546,0,0
3902762,478,0,0
3902817,479,0,0
3902870,505,0,0
3902925,490,0,0
3902979,479,0,0
3903034,504,0,0
3903088,521,0,0
3903143,501,0,0
3903197,486,0,0
3903251,408,0,0
3903306,507,0,0
3903360,513,0,0
3903414,540,0,0
3903504,514,0,0
3903543,471,0,0
3903583,481,0,0
3903665,491,0,0
3903705,510,0,0
3903745,492,0,0
3903783,503,0,0
3903824,516,0,0
3903863,518,0,0
3903903,536,0,0
3903942,513,0,0
3903982,586,0,0
3904022,464,0,0
3904062,497,0,0
3904102,523,0,0
3904143,519,0,0
3904184,551,0,0
3904224,587,0,0
3904264,506,0,0
3904348,477,0,0
3904389,501,0,0
3904431,491,0,0
3904471,513,0,0
3904512,486,0,0
3904551,501,0,0
3904593,501,0,0
3904633,519,0,0
3904675,503,0,0
3904716,528,0,0
3904758,432,0,0
3904799,492,0,0
3904841,518,0,0
3904883,518,0,0
3904924,552,0,0
3904967,579,0,0
3905050,478,0,0
3905092,491,0,0
3905133,492,0,0
3905174,499,0,0
3905216,486,0,0
3905258,497,0,0
3905299,496,0,0
3905341,508,0,0
3905382,488,0,0
3905426,753,0,0
3905468,497,0,0
3905511,491,0,0
3905553,524,0,0
3905596,528,0,0
3905638,581,0,0
3905681,499,0,0
3905763,468,0,0
3905805,504,0,0
3905846,484,0,0
3905889,488,0,0
3905934,500,0,0
3905975,508,0,0
3906017,514,0,0
3906061,846,0,0
3906102,535,0,0
3906146,500,0,0
3906187,560,0,0
3906230,562,0,0
3906272,607,0,0
3906315,550,0,0
3906358,493,0,0
3906402,523,0,0
3906488,528,0,0
3906531,479,0,0
3906573,526,0,0
3906617,487,0,0
3906661,480,0,0
3906705,915,0,0
3906749,467,0,0
3906793,516,0,0
3906836,521,0,0
3906879,523,0,0
3906922,619,0,0
3906967,524,0,0
3907010,442,0,0
3907054,485,0,0
3907098,475,0,0
3907143,474,0,0
3907228,456,0,0
3907272,532,0,0
3907317,513,0,0
3907363,484,0,0
3907408,720,0,0
3907453,530,0,0
3907497,481,0,0
3907543,497,0,0
3907587,575,0,0
3907631,564,0,0
3907676,508,0,0
3907722,495,0,0
3907766,477,0,0
3907813,465,0,0
3907856,508,0,0
3907901,514,0,0
3907991,497,0,0
3908036,498,0,0
3908081,495,0,0
3908126,529,0,0
3908169,529,0,0
3908213,491,0,0
3908258,512,0,0
3908303,551,0,0
3908349,520,0,0
3908392,528,0,0
3908439,541,0,0
3908484,543,0,0
3908530,520,0,0
3908576,516,0,0
3908622,554,0,0
