time_s,ppg_raw
0.0,1.80455
0.01,1.94305
0.02,2.12952
0.03,2.32017
0.04,2.42937
0.05,2.58487
0.06,2.78463
0.07,2.8922
0.08,2.97083
0.09,3.09866
0.1,3.14639
0.11,3.20413
0.12,3.26332
0.13,3.21773
0.14,3.22512
0.15,3.24648
0.16,3.20657
0.17,3.20965
0.18,3.1285
0.19,3.06356
0.2,3.09692
0.21,2.99187
0.22,2.94641
0.23,2.84841
0.24,2.82313
0.25,2.7928
0.26,2.70649
0.27,2.70497
0.28,2.62897
0.29,2.59158
0.3,2.53516
0.31,2.56082
0.32,2.45583
0.33,2.37444
0.34,2.37994
0.35,2.26728
0.36,2.25886
0.37,2.14317
0.38,2.11277
0.39,2.11104
0.4,2.0821
0.41,2.0225
0.42,1.97398
0.43,1.93107
0.44,1.86065
0.45,1.85005
0.46,1.82561
0.47,1.83939
0.48,1.786
0.49,1.69
0.5,1.7185
0.51,1.6615
0.52,1.61529
0.53,1.61489
0.54,1.58711
0.55,1.54295
0.56,1.44846
0.57,1.42345
0.58,1.40287
0.59,1.38414
0.6,1.30463
0.61,1.28005
0.62,1.22163
0.63,1.19065
0.64,1.22486
0.65,1.21696
0.66,1.15131
0.67,1.16176
0.68,1.12134
0.69,1.07052
0.7,1.08079
0.71,1.09736
0.72,1.03346
0.73,1.06804
0.74,0.93392
0.75,1.03525
0.76,1.01997
0.77,1.02594
0.78,1.06798
0.79,1.05048
0.8,1.16434
0.81,1.2593
0.82,1.38768
0.83,1.43922
0.84,1.55745
0.85,1.70719
0.86,1.90127
0.87,2.0431
0.88,2.18105
0.89,2.37642
0.9,2.52439
0.91,2.70349
0.92,2.79518
0.93,2.93394
0.94,3.04269
0.95,3.10251
0.96,3.22746
0.97,3.27846
0.98,3.30319
0.99,3.30992
1.0,3.27163
1.01,3.28399
1.02,3.25669
1.03,3.20368
1.04,3.17664
1.05,3.14265
1.06,3.13357
1.07,3.02778
1.08,2.9762
1.09,2.91338
1.1,2.80682
1.11,2.81404
1.12,2.76854
1.13,2.79351
1.14,2.66718
1.15,2.63522
1.16,2.57778
1.17,2.49548
1.18,2.51547
1.19,2.45338
1.2,2.40344
1.21,2.30099
1.22,2.31915
1.23,2.18465
1.24,2.19541
1.25,2.19662
1.26,2.0567
1.27,2.02757
1.28,2.00836
1.29,1.95357
1.3,1.88757
1.31,1.90315
1.32,1.83717
1.33,1.85146
1.34,1.77748
1.35,1.81839
1.36,1.71381
1.37,1.69138
1.38,1.68748
1.39,1.58664
1.4,1.58971
1.41,1.58077
1.42,1.45198
1.43,1.46504
1.44,1.42791
1.45,1.40605
1.46,1.31027
1.47,1.27508
1.48,1.30025
1.49,1.26584
1.5,1.23892
1.51,1.218
1.52,1.16468
1.53,1.1704
1.54,1.15117
1.55,1.10046
1.56,1.15817
1.57,1.09812
1.58,1.03222
1.59,1.0754
1.6,1.01953
1.61,1.07268
1.62,1.09342
1.63,1.055
1.64,1.14279
1.65,1.17553
1.66,1.25333
1.67,1.36807
1.68,1.40335
1.69,1.50406
1.7,1.63098
1.71,1.77712
1.72,1.95339
1.73,2.12693
1.74,2.28916
1.75,2.46907
1.76,2.6033
1.77,2.79658
1.78,2.88302
1.79,3.09546
1.8,3.13806
1.81,3.1799
1.82,3.23985
1.83,3.33276
1.84,3.33851
1.85,3.3755
1.86,3.36095
1.87,3.3233
1.88,3.26738
1.89,3.20579
1.9,3.18995
1.91,3.17709
1.92,3.10381
1.93,3.00551
1.94,2.99423
1.95,2.94812
1.96,2.85925
1.97,2.84121
1.98,2.79052
1.99,2.70749
2.0,2.70581
2.01,2.66495
2.02,2.63296
2.03,2.58344
2.04,2.46078
2.05,2.42331
2.06,2.41557
2.07,2.36404
2.08,2.31299
2.09,2.36305
2.1,2.21615
2.11,2.18678
2.12,2.13752
2.13,2.08729
2.14,2.01977
2.15,2.01589
2.16,1.9358
2.17,1.91916
2.18,1.87973
2.19,1.86484
2.2,1.89934
2.21,1.74028
2.22,1.78177
2.23,1.67598
2.24,1.6717
2.25,1.67857
2.26,1.60683
2.27,1.5311
2.28,1.50067
2.29,1.50206
2.3,1.42078
2.31,1.41222
2.32,1.37251
2.33,1.31958
2.34,1.37399
2.35,1.30161
2.36,1.19678
2.37,1.23966
2.38,1.1919
2.39,1.2158
2.4,1.14548
2.41,1.14544
2.42,1.14459
2.43,1.1376
2.44,1.0605
2.45,1.07548
2.46,1.06612
2.47,1.06344
2.48,1.14856
2.49,1.13224
2.5,1.12058
2.51,1.23966
2.52,1.34604
2.53,1.40066
2.54,1.42837
2.55,1.57977
2.56,1.76716
2.57,1.85499
2.58,2.04589
2.59,2.21802
2.6,2.33125
2.61,2.51963
2.62,2.58068
2.63,2.79406
2.64,2.95109
2.65,3.03927
2.66,3.2257
2.67,3.21442
2.68,3.30464
2.69,3.36236
2.7,3.4232
2.71,3.34083
2.72,3.40716
2.73,3.3477
2.74,3.28237
2.75,3.28199
2.76,3.22474
2.77,3.14796
2.78,3.11367
2.79,3.04552
2.8,3.00689
2.81,2.97125
2.82,2.94857
2.83,2.81503
2.84,2.86853
2.85,2.69904
2.86,2.70624
2.87,2.68124
2.88,2.62402
2.89,2.54787
2.9,2.51021
2.91,2.45068
2.92,2.39627
2.93,2.38791
2.94,2.32218
2.95,2.24094
2.96,2.24074
2.97,2.17725
2.98,2.14926
2.99,2.10329
3.0,2.02164
3.01,1.99412
3.02,1.99958
3.03,1.96294
3.04,1.91203
3.05,1.88408
3.06,1.88604
3.07,1.79586
3.08,1.79434
3.09,1.73445
3.1,1.69495
3.11,1.69404
3.12,1.64455
3.13,1.6026
3.14,1.57614
3.15,1.49741
3.16,1.4787
3.17,1.41251
3.18,1.39759
3.19,1.35259
3.2,1.33056
3.21,1.31894
3.22,1.25189
3.23,1.31602
3.24,1.20091
3.25,1.17321
3.26,1.22347
3.27,1.19222
3.28,1.16803
3.29,1.15089
3.3,1.11748
3.31,1.08132
3.32,1.10729
3.33,1.08988
3.34,1.15511
3.35,1.1496
3.36,1.17173
3.37,1.2451
3.38,1.34212
3.39,1.40492
3.4,1.50604
3.41,1.66261
3.42,1.80115
3.43,1.92853
3.44,2.0879
3.45,2.27209
3.46,2.38572
3.47,2.54792
3.48,2.72261
3.49,2.88114
3.5,3.02637
3.51,3.17428
3.52,3.25023
3.53,3.29449
3.54,3.3534
3.55,3.35881
3.56,3.40455
3.57,3.39561
3.58,3.39818
3.59,3.33538
3.6,3.33752
3.61,3.32226
3.62,3.22235
3.63,3.18413
3.64,3.13812
3.65,3.05095
3.66,3.01639
3.67,2.95833
3.68,2.91085
3.69,2.83618
3.7,2.81263
3.71,2.77988
3.72,2.76149
3.73,2.69923
3.74,2.68666
3.75,2.54959
3.76,2.54829
3.77,2.47633
3.78,2.48484
3.79,2.34336
3.8,2.29163
3.81,2.24944
3.82,2.15622
3.83,2.15904
3.84,2.10954
3.85,2.09699
3.86,2.06543
3.87,2.07634
3.88,2.01511
3.89,1.93688
3.9,1.89518
3.91,1.90452
3.92,1.81688
3.93,1.8768
3.94,1.82095
3.95,1.73349
3.96,1.65659
3.97,1.70778
3.98,1.62217
3.99,1.62107
4.0,1.495
4.01,1.48496
4.02,1.465
4.03,1.4304
4.04,1.38215
4.05,1.38359
4.06,1.3046
4.07,1.30627
4.08,1.28985
4.09,1.2787
4.1,1.26258
4.11,1.18608
4.12,1.15293
4.13,1.21716
4.14,1.16997
4.15,1.1209
4.16,1.17672
4.17,1.12556
4.18,1.15632
4.19,1.13081
4.2,1.20952
4.21,1.23232
4.22,1.21893
4.23,1.31839
4.24,1.38836
4.25,1.50689
4.26,1.55027
4.27,1.72846
4.28,1.88157
4.29,1.9496
4.3,2.12679
4.31,2.26476
4.32,2.4813
4.33,2.67018
4.34,2.84494
4.35,2.94169
4.36,3.11324
4.37,3.13071
4.38,3.20984
4.39,3.3282
4.4,3.39024
4.41,3.40706
4.42,3.35705
4.43,3.41094
4.44,3.35475
4.45,3.38244
4.46,3.3326
4.47,3.24596
4.48,3.20693
4.49,3.13643
4.5,3.1115
4.51,3.08772
4.52,2.97649
4.53,2.96982
4.54,2.8891
4.55,2.83291
4.56,2.80609
4.57,2.73122
4.58,2.69846
4.59,2.63128
4.6,2.67735
4.61,2.56958
4.62,2.49666
4.63,2.4725
4.64,2.41088
4.65,2.35611
4.66,2.3306
4.67,2.28587
4.68,2.20026
4.69,2.15438
4.7,2.12154
4.71,2.02153
4.72,2.00837
4.73,2.06012
4.74,2.03525
4.75,1.94607
4.76,1.93864
4.77,1.89798
4.78,1.94726
4.79,1.85327
4.8,1.77895
4.81,1.71551
4.82,1.65589
4.83,1.66897
4.84,1.5984
4.85,1.53672
4.86,1.51904
4.87,1.46643
4.88,1.51187
4.89,1.45243
4.9,1.39302
4.91,1.40751
4.92,1.3377
4.93,1.28388
4.94,1.33141
4.95,1.27909
4.96,1.20984
4.97,1.21387
4.98,1.1725
4.99,1.13733
5.0,1.18816
5.01,1.20174
5.02,1.09047
5.03,1.14288
5.04,1.10756
5.05,1.12314
5.06,1.1423
5.07,1.17005
5.08,1.24852
5.09,1.28963
5.1,1.40719
5.11,1.4991
5.12,1.61123
5.13,1.72373
5.14,1.87879
5.15,2.07364
5.16,2.22725
5.17,2.34677
5.18,2.54161
5.19,2.7184
5.2,2.79389
5.21,2.99584
5.22,3.07976
5.23,3.21911
5.24,3.26217
5.25,3.29398
5.26,3.34235
5.27,3.41644
5.28,3.42878
5.29,3.38395
5.3,3.40675
5.31,3.30319
5.32,3.30801
5.33,3.22462
5.34,3.1886
5.35,3.15497
5.36,3.07282
5.37,3.03297
5.38,3.02201
5.39,2.92352
5.4,2.91651
5.41,2.80943
5.42,2.81186
5.43,2.79206
5.44,2.62719
5.45,2.6292
5.46,2.62118
5.47,2.54747
5.48,2.51345
5.49,2.43238
5.5,2.40117
5.51,2.34247
5.52,2.33186
5.53,2.25584
5.54,2.21191
5.55,2.14553
5.56,2.10204
5.57,2.06509
5.58,2.05364
5.59,1.99483
5.6,1.98313
5.61,2.00432
5.62,1.93579
5.63,1.8668
5.64,1.87836
5.65,1.79428
5.66,1.70785
5.67,1.69957
5.68,1.63309
5.69,1.63711
5.7,1.60626
5.71,1.61432
5.72,1.53309
5.73,1.47753
5.74,1.47188
5.75,1.34598
5.76,1.38727
5.77,1.37377
5.78,1.27905
5.79,1.33246
5.8,1.28457
5.81,1.23931
5.82,1.24884
5.83,1.27662
5.84,1.19322
5.85,1.17549
5.86,1.13629
5.87,1.10949
5.88,1.14916
5.89,1.09395
5.9,1.12526
5.91,1.12245
5.92,1.17704
5.93,1.21264
5.94,1.28932
5.95,1.31509
5.96,1.41158
5.97,1.49647
5.98,1.63457
5.99,1.79551
6.0,1.95501
6.01,2.06158
6.02,2.2776
6.03,2.45595
6.04,2.58898
6.05,2.78776
6.06,2.85298
6.07,2.97015
6.08,3.06923
6.09,3.26432
6.1,3.31634
6.11,3.35222
6.12,3.39961
6.13,3.37588
6.14,3.48413
6.15,3.40048
6.16,3.37284
6.17,3.35397
6.18,3.3015
6.19,3.24333
6.2,3.15929
6.21,3.14219
6.22,3.1296
6.23,3.05962
6.24,3.01472
6.25,2.90095
6.26,2.83749
6.27,2.81544
6.28,2.77352
6.29,2.75736
6.3,2.62599
6.31,2.67403
6.32,2.57373
6.33,2.51494
6.34,2.44582
6.35,2.37451
6.36,2.39688
6.37,2.32309
6.38,2.23218
6.39,2.18387
6.4,2.1668
6.41,2.18368
6.42,2.08525
6.43,2.00993
6.44,2.01187
6.45,1.97703
6.46,1.87142
6.47,1.91826
6.48,1.88031
6.49,1.87464
6.5,1.87443
6.51,1.81635
6.52,1.73636
6.53,1.67149
6.54,1.74084
6.55,1.62356
6.56,1.58014
6.57,1.5374
6.58,1.5036
6.59,1.45457
6.6,1.40513
6.61,1.37186
6.62,1.3558
6.63,1.3115
6.64,1.27967
6.65,1.27934
6.66,1.24501
6.67,1.27525
6.68,1.12875
6.69,1.2197
6.7,1.20372
6.71,1.08471
6.72,1.11924
6.73,1.10425
6.74,1.06387
6.75,1.08013
6.76,1.07622
6.77,1.17894
6.78,1.18406
6.79,1.2383
6.8,1.28192
6.81,1.30335
6.82,1.41553
6.83,1.55667
6.84,1.63154
6.85,1.82942
6.86,1.95167
6.87,2.10636
6.88,2.30192
6.89,2.45728
6.9,2.59286
6.91,2.7907
6.92,2.86459
6.93,3.04231
6.94,3.15158
6.95,3.21574
6.96,3.30625
6.97,3.31027
6.98,3.40721
6.99,3.38713
7.0,3.37341
7.01,3.40236
7.02,3.31939
7.03,3.25832
7.04,3.20687
7.05,3.22008
7.06,3.10921
7.07,3.14509
7.08,2.97519
7.09,3.03495
7.1,2.93843
7.11,2.87892
7.12,2.81663
7.13,2.7971
7.14,2.7366
7.15,2.72332
7.16,2.64555
7.17,2.59762
7.18,2.53211
7.19,2.49021
7.2,2.4493
7.21,2.33659
7.22,2.2955
7.23,2.30715
7.24,2.24033
7.25,2.18205
7.26,2.14288
7.27,2.11016
7.28,2.04361
7.29,1.99901
7.3,1.99291
7.31,1.92394
7.32,1.93274
7.33,1.83689
7.34,1.8859
7.35,1.83529
7.36,1.79345
7.37,1.77825
7.38,1.76002
7.39,1.70023
7.4,1.57314
7.41,1.5479
7.42,1.52544
7.43,1.50352
7.44,1.47812
7.45,1.40255
7.46,1.39395
7.47,1.33225
7.48,1.30572
7.49,1.25345
7.5,1.24168
7.51,1.20427
7.52,1.19226
7.53,1.23074
7.54,1.14885
7.55,1.23506
7.56,1.15044
7.57,1.12214
7.58,1.07414
7.59,1.10788
7.6,1.06192
7.61,1.0824
7.62,1.16437
7.63,1.10488
7.64,1.17575
7.65,1.16868
7.66,1.25349
7.67,1.3894
7.68,1.41626
7.69,1.60465
7.7,1.70174
7.71,1.80681
7.72,1.996
7.73,2.16643
7.74,2.31932
7.75,2.41619
7.76,2.59938
7.77,2.76307
7.78,2.90549
7.79,3.04847
7.8,3.13986
7.81,3.18003
7.82,3.2971
7.83,3.34956
7.84,3.3742
7.85,3.39794
7.86,3.38244
7.87,3.34917
7.88,3.29983
7.89,3.2098
7.9,3.22386
7.91,3.16449
7.92,3.11163
7.93,3.00991
7.94,2.96118
7.95,2.97197
7.96,2.88763
7.97,2.85934
7.98,2.79114
7.99,2.74344
8.0,2.72323
8.01,2.63188
8.02,2.60183
8.03,2.53567
8.04,2.48603
8.05,2.43835
8.06,2.40221
8.07,2.32893
8.08,2.32911
8.09,2.21377
8.1,2.1858
8.11,2.13114
8.12,2.14316
8.13,2.06373
8.14,2.04951
8.15,1.93712
8.16,1.9548
8.17,1.93999
8.18,1.88304
8.19,1.87987
8.2,1.79914
8.21,1.82257
8.22,1.81338
8.23,1.69595
8.24,1.65421
8.25,1.67046
8.26,1.63249
8.27,1.52718
8.28,1.4882
8.29,1.45113
8.3,1.37952
8.31,1.35456
8.32,1.31666
8.33,1.29097
8.34,1.28276
8.35,1.26298
8.36,1.27665
8.37,1.17597
8.38,1.21238
8.39,1.15414
8.4,1.13735
8.41,1.13795
8.42,1.06383
8.43,1.09041
8.44,1.06806
8.45,1.06609
8.46,1.0541
8.47,1.12099
8.48,1.04
8.49,1.06694
8.5,1.10174
8.51,1.15674
8.52,1.22378
8.53,1.36513
8.54,1.47559
8.55,1.53545
8.56,1.66171
8.57,1.84713
8.58,1.97203
8.59,2.16904
8.6,2.31966
8.61,2.42972
8.62,2.67737
8.63,2.83094
8.64,2.89181
8.65,3.01585
8.66,3.13534
8.67,3.21664
8.68,3.28615
8.69,3.36654
8.7,3.32171
8.71,3.30627
8.72,3.27646
8.73,3.27029
8.74,3.25491
8.75,3.2653
8.76,3.14584
8.77,3.11454
8.78,3.0522
8.79,3.03311
8.8,3.01893
8.81,2.87436
8.82,2.82447
8.83,2.82092
8.84,2.76169
8.85,2.74896
8.86,2.66353
8.87,2.5873
8.88,2.56706
8.89,2.53283
8.9,2.47336
8.91,2.41224
8.92,2.37678
8.93,2.3276
8.94,2.2823
8.95,2.20982
8.96,2.13665
8.97,2.09961
8.98,2.08752
8.99,1.98561
9.0,1.98257
9.01,1.9234
9.02,1.90158
9.03,1.90581
9.04,1.8405
9.05,1.80333
9.06,1.72758
9.07,1.75594
9.08,1.71651
9.09,1.72392
9.1,1.61003
9.11,1.58472
9.12,1.54362
9.13,1.54116
9.14,1.44904
9.15,1.41936
9.16,1.38997
9.17,1.34021
9.18,1.28655
9.19,1.27368
9.2,1.27051
9.21,1.18024
9.22,1.18966
9.23,1.14078
9.24,1.17477
9.25,1.07106
9.26,1.07837
9.27,1.0855
9.28,1.10129
9.29,1.03438
9.3,1.0048
9.31,1.06758
9.32,0.96379
9.33,0.94575
9.34,1.03987
9.35,1.03908
9.36,1.06528
9.37,1.17473
9.38,1.23509
9.39,1.30226
9.4,1.38896
9.41,1.57744
9.42,1.70859
9.43,1.83536
9.44,2.05134
9.45,2.12625
9.46,2.27594
9.47,2.46125
9.48,2.63397
9.49,2.78533
9.5,2.89962
9.51,3.02972
9.52,3.07542
9.53,3.23038
9.54,3.23861
9.55,3.30884
9.56,3.30115
9.57,3.30306
9.58,3.29
9.59,3.25737
9.6,3.22429
9.61,3.19856
9.62,3.11325
9.63,3.07442
9.64,2.99514
9.65,2.98594
9.66,2.86847
9.67,2.8904
9.68,2.78448
9.69,2.69356
9.7,2.69219
9.71,2.62031
9.72,2.61832
9.73,2.52536
9.74,2.48251
9.75,2.38911
9.76,2.38109
9.77,2.27
9.78,2.24287
9.79,2.26101
9.8,2.21035
9.81,2.14949
9.82,2.0596
9.83,2.04141
9.84,1.99959
9.85,1.92448
9.86,1.96639
9.87,1.91185
9.88,1.84481
9.89,1.8192
9.9,1.79196
9.91,1.69146
9.92,1.7114
9.93,1.66309
9.94,1.61659
9.95,1.59957
9.96,1.62173
9.97,1.54559
9.98,1.46705
9.99,1.45908
10.0,0.7737
10.01,1.33245
10.02,1.13793
10.03,1.05989
10.04,0.90788
10.05,1.33328
10.06,0.78934
10.07,0.35488
10.08,2.23464
10.09,0.92041
10.1,1.09676
10.11,1.0207
10.12,0.8506
10.13,1.5405
10.14,1.58344
10.15,0.88076
10.16,2.50055
10.17,0.94763
10.18,0.48898
10.19,1.24214
10.2,1.15835
10.21,1.5703
10.22,2.94552
10.23,1.15558
10.24,0.83801
10.25,0.99125
10.26,1.82995
10.27,0.77239
10.28,0.90996
10.29,1.78309
10.3,1.01371
10.31,1.5363
10.32,2.26079
10.33,1.8478
10.34,2.00161
10.35,3.26495
10.36,3.61634
10.37,1.82313
10.38,3.21436
10.39,3.36247
10.4,3.83554
10.41,4.28227
10.42,4.98581
10.43,3.15461
10.44,3.05098
10.45,2.5701
10.46,2.93779
10.47,4.1002
10.48,2.66952
10.49,2.84551
10.5,3.7493
10.51,3.1872
10.52,2.24988
10.53,3.17833
10.54,3.15458
10.55,3.96242
10.56,2.91353
10.57,3.11388
10.58,3.76028
10.59,2.51495
10.6,2.49423
10.61,3.0627
10.62,2.5354
10.63,3.79179
10.64,2.09731
10.65,1.58588
10.66,1.35678
10.67,2.89937
10.68,2.92183
10.69,2.0257
10.7,2.2922
10.71,0.6936
10.72,1.60363
10.73,1.94511
10.74,3.09125
10.75,1.69168
10.76,1.1577
10.77,1.0294
10.78,0.53153
10.79,2.13706
10.8,2.5145
10.81,2.06195
10.82,2.61965
10.83,1.74069
10.84,1.15143
10.85,0.80305
10.86,0.9581
10.87,0.5106
10.88,1.80163
10.89,1.52819
10.9,1.64656
10.91,0.90226
10.92,0.68645
10.93,0.47178
10.94,1.39247
10.95,1.90936
10.96,0.59789
10.97,0.89351
10.98,0.79021
10.99,0.23886
11.0,0.64125
11.01,1.32274
11.02,0.69821
11.03,1.25768
11.04,0.18987
11.05,1.1457
11.06,2.14703
11.07,0.57207
11.08,1.72942
11.09,1.05923
11.1,1.8172
11.11,0.2232
11.12,1.35084
11.13,0.91641
11.14,1.8091
11.15,1.64046
11.16,2.80958
11.17,1.54489
11.18,2.29132
11.19,1.9928
11.2,2.60353
11.21,3.22208
11.22,2.83639
11.23,3.21139
11.24,3.81062
11.25,2.23993
11.26,3.66089
11.27,4.2071
11.28,3.10167
11.29,2.663
11.3,3.3695
11.31,2.50435
11.32,3.88947
11.33,2.96177
11.34,2.74419
11.35,2.68335
11.36,3.81218
11.37,2.32979
11.38,2.44368
11.39,2.99942
11.4,2.37927
11.41,2.96759
11.42,2.94853
11.43,3.0724
11.44,2.60134
11.45,1.90701
11.46,2.1592
11.47,2.19569
11.48,1.82846
11.49,2.68735
11.5,3.28789
11.51,1.2121
11.52,1.21647
11.53,1.34519
11.54,2.70329
11.55,2.63932
11.56,2.01772
11.57,1.25259
11.58,1.52731
11.59,0.51606
11.6,1.7659
11.61,2.63738
11.62,1.27742
11.63,0.81075
11.64,2.36467
11.65,0.89145
11.66,2.03547
11.67,1.55611
11.68,1.76818
11.69,2.03747
11.7,0.87533
11.71,1.10531
11.72,0.69375
11.73,0.34268
11.74,1.63804
11.75,1.42167
11.76,1.24579
11.77,0.27318
11.78,1.64307
11.79,1.24208
11.8,1.63264
11.81,1.20793
11.82,0.3741
11.83,2.23025
11.84,0.65954
11.85,0.11995
11.86,0.90826
11.87,1.72455
11.88,1.27951
11.89,1.95323
11.9,1.54772
11.91,-0.10129
11.92,0.13107
11.93,1.43402
11.94,-0.41142
11.95,1.42431
11.96,0.56584
11.97,0.90276
11.98,0.86456
11.99,1.05597
12.0,1.37388
12.01,1.51062
12.02,3.77946
12.03,3.44414
12.04,1.41394
12.05,3.04996
12.06,2.14814
12.07,2.9563
12.08,3.19033
12.09,2.96683
12.1,3.61664
12.11,2.85175
12.12,2.46982
12.13,2.29644
12.14,2.86697
12.15,2.6151
12.16,3.3575
12.17,2.26446
12.18,2.48756
12.19,3.56454
12.2,3.63187
12.21,3.20631
12.22,3.18487
12.23,4.04757
12.24,2.80289
12.25,2.07971
12.26,1.5416
12.27,2.93838
12.28,3.44226
12.29,2.49877
12.3,2.5979
12.31,1.80827
12.32,1.84779
12.33,0.75149
12.34,2.31661
12.35,3.21728
12.36,2.04097
12.37,1.97422
12.38,1.21584
12.39,1.92597
12.4,1.79718
12.41,1.64902
12.42,3.01685
12.43,2.46672
12.44,1.16275
12.45,1.60808
12.46,1.80146
12.47,2.16643
12.48,1.01865
12.49,2.49505
12.5,1.58917
12.51,1.56773
12.52,1.44466
12.53,1.47584
12.54,1.4603
12.55,1.34521
12.56,1.38951
12.57,1.3102
12.58,1.23591
12.59,1.21653
12.6,1.1983
12.61,1.14966
12.62,1.13197
12.63,1.05911
12.64,1.06498
12.65,0.9925
12.66,1.008
12.67,0.96161
12.68,0.94473
12.69,0.98249
12.7,0.95745
12.71,0.92349
12.72,0.85498
12.73,0.86407
12.74,0.90059
12.75,0.86576
12.76,0.9371
12.77,0.8961
12.78,0.91963
12.79,0.94871
12.8,1.02205
12.81,1.09037
12.82,1.21019
12.83,1.32833
12.84,1.40223
12.85,1.52566
12.86,1.66133
12.87,1.89034
12.88,2.00496
12.89,2.1368
12.9,2.37276
12.91,2.5881
12.92,2.65421
12.93,2.80634
12.94,2.89358
12.95,2.97939
12.96,3.08135
12.97,3.0964
12.98,3.14481
12.99,3.15962
13.0,3.12634
13.01,3.15794
13.02,3.09257
13.03,3.0352
13.04,3.02698
13.05,2.93227
13.06,2.9058
13.07,2.84952
13.08,2.82759
13.09,2.75569
13.1,2.68876
13.11,2.66379
13.12,2.63215
13.13,2.55936
13.14,2.49557
13.15,2.40843
13.16,2.36777
13.17,2.34159
13.18,2.28242
13.19,2.24404
13.2,2.19954
13.21,2.16161
13.22,2.09171
13.23,2.05737
13.24,1.99513
13.25,1.88634
13.26,1.87225
13.27,1.85357
13.28,1.78174
13.29,1.79866
13.3,1.79133
13.31,1.7483
13.32,1.67261
13.33,1.69128
13.34,1.61816
13.35,1.56976
13.36,1.52622
13.37,1.49863
13.38,1.45743
13.39,1.43402
13.4,1.39239
13.41,1.34568
13.42,1.31669
13.43,1.29796
13.44,1.25069
13.45,1.1395
13.46,1.07156
13.47,1.14288
13.48,1.0431
13.49,1.04907
13.5,0.99455
13.51,0.95116
13.52,0.99831
13.53,0.98256
13.54,0.92082
13.55,0.83927
13.56,0.8803
13.57,0.88952
13.58,0.81684
13.59,0.85383
13.6,0.84032
13.61,0.85785
13.62,0.85304
13.63,0.84061
13.64,0.93936
13.65,0.94736
13.66,1.01622
13.67,1.07093
13.68,1.18459
13.69,1.28671
13.7,1.43846
13.71,1.63834
13.72,1.69935
13.73,1.8525
13.74,2.10862
13.75,2.22102
13.76,2.3653
13.77,2.56606
13.78,2.6541
13.79,2.84937
13.8,2.91978
13.81,2.97057
13.82,3.11571
13.83,3.07857
13.84,3.14537
13.85,3.14039
13.86,3.16257
13.87,3.14854
13.88,3.06941
13.89,3.00374
13.9,2.9917
13.91,2.90508
13.92,2.93125
13.93,2.81989
13.94,2.75045
13.95,2.71394
13.96,2.61665
13.97,2.57822
13.98,2.59501
13.99,2.49178
14.0,2.43285
14.01,2.43287
14.02,2.40417
14.03,2.341
14.04,2.29908
14.05,2.1953
14.06,2.12352
14.07,2.15921
14.08,2.05289
14.09,2.00447
14.1,2.00289
14.11,1.93292
14.12,1.88559
14.13,1.89521
14.14,1.77195
14.15,1.78248
14.16,1.72173
14.17,1.69487
14.18,1.70021
14.19,1.6372
14.2,1.60515
14.21,1.58709
14.22,1.50837
14.23,1.45685
14.24,1.41171
14.25,1.34364
14.26,1.42285
14.27,1.28613
14.28,1.27082
14.29,1.22824
14.3,1.20633
14.31,1.18416
14.32,1.15046
14.33,1.07469
14.34,1.05727
14.35,1.04323
14.36,1.00179
14.37,1.03357
14.38,0.97733
14.39,0.96268
14.4,0.93912
14.41,0.93363
14.42,0.88399
14.43,0.82141
14.44,0.85677
14.45,0.81382
14.46,0.81194
14.47,0.84765
14.48,0.87934
14.49,0.86691
14.5,0.91345
14.51,1.00857
14.52,1.03457
14.53,1.19231
14.54,1.23509
14.55,1.28525
14.56,1.49514
14.57,1.63065
14.58,1.81387
14.59,1.9572
14.6,2.09674
14.61,2.22615
14.62,2.41273
14.63,2.53998
14.64,2.68158
14.65,2.83432
14.66,2.96642
14.67,3.00839
14.68,3.02084
14.69,3.11028
14.7,3.15401
14.71,3.10341
14.72,3.10569
14.73,3.08493
14.74,3.02502
14.75,3.02398
14.76,2.9512
14.77,2.91427
14.78,2.82034
14.79,2.779
14.8,2.75987
14.81,2.67459
14.82,2.68686
14.83,2.57391
14.84,2.5447
14.85,2.51868
14.86,2.40103
14.87,2.34324
14.88,2.30198
14.89,2.33629
14.9,2.23145
14.91,2.27346
14.92,2.12798
14.93,2.09861
14.94,2.08809
14.95,2.05197
14.96,2.00537
14.97,1.93377
14.98,1.8848
14.99,1.8311
15.0,1.79851
15.01,1.72276
15.02,1.68072
15.03,1.67236
15.04,1.63511
15.05,1.59426
15.06,1.59563
15.07,1.56904
15.08,1.50709
15.09,1.51111
15.1,1.39324
15.11,1.38103
15.12,1.3238
15.13,1.24748
15.14,1.25953
15.15,1.21793
15.16,1.2282
15.17,1.16508
15.18,1.08124
15.19,1.13599
15.2,1.08793
15.21,1.04198
15.22,0.99285
15.23,0.94746
15.24,0.94271
15.25,0.96487
15.26,0.96762
15.27,0.93692
15.28,0.85659
15.29,0.82021
15.3,0.84363
15.31,0.77654
15.32,0.83588
15.33,0.82675
15.34,0.83267
15.35,0.82678
15.36,0.93233
15.37,0.95901
15.38,1.01472
15.39,1.05557
15.4,1.24962
15.41,1.42803
15.42,1.56305
15.43,1.64928
15.44,1.80306
15.45,1.99812
15.46,2.11799
15.47,2.31783
15.48,2.48563
15.49,2.64269
15.5,2.73224
15.51,2.84197
15.52,2.91609
15.53,2.99227
15.54,3.06483
15.55,3.11744
15.56,3.14992
15.57,3.09746
15.58,3.15044
15.59,3.06911
15.6,3.03823
15.61,2.97068
15.62,2.8696
15.63,2.9152
15.64,2.85603
15.65,2.77095
15.66,2.72799
15.67,2.68964
15.68,2.57716
15.69,2.55954
15.7,2.55167
15.71,2.44318
15.72,2.44255
15.73,2.34547
15.74,2.35169
15.75,2.2871
15.76,2.18916
15.77,2.2212
15.78,2.11247
15.79,2.0586
15.8,2.03809
15.81,2.01707
15.82,1.9046
15.83,1.89176
15.84,1.86022
15.85,1.82827
15.86,1.77543
15.87,1.72396
15.88,1.67666
15.89,1.67162
15.9,1.60479
15.91,1.51692
15.92,1.58436
15.93,1.56372
15.94,1.42941
15.95,1.43199
15.96,1.44126
15.97,1.44358
15.98,1.34092
15.99,1.27678
16.0,1.25203
16.01,1.25887
16.02,1.16015
16.03,1.11971
16.04,1.09588
16.05,1.05102
16.06,1.05504
16.07,1.07403
16.08,1.0107
16.09,0.9705
16.1,0.9473
16.11,0.88777
16.12,0.94033
16.13,0.89142
16.14,0.86954
16.15,0.95415
16.16,0.85419
16.17,0.81462
16.18,0.82329
16.19,0.87843
16.2,0.86634
16.21,0.85182
16.22,0.96934
16.23,0.98462
16.24,1.14069
16.25,1.2138
16.26,1.28144
16.27,1.46202
16.28,1.56764
16.29,1.74381
16.3,1.89278
16.31,2.01658
16.32,2.1862
16.33,2.39577
16.34,2.50613
16.35,2.64377
16.36,2.75223
16.37,2.90143
16.38,3.03953
16.39,3.01467
16.4,3.09637
16.41,3.16745
16.42,3.13385
16.43,3.14447
16.44,3.07942
16.45,3.09273
16.46,3.03364
16.47,3.02151
16.48,2.97589
16.49,2.96395
16.5,2.84896
16.51,2.78718
16.52,2.73037
16.53,2.66274
16.54,2.63394
16.55,2.56676
16.56,2.53344
16.57,2.52105
16.58,2.40428
16.59,2.42098
16.6,2.37766
16.61,2.28489
16.62,2.17407
16.63,2.1681
16.64,2.17359
16.65,2.08267
16.66,2.00299
16.67,1.96898
16.68,1.96256
16.69,1.90942
16.7,1.84418
16.71,1.80134
16.72,1.76403
16.73,1.7136
16.74,1.75672
16.75,1.66644
16.76,1.68063
16.77,1.65728
16.78,1.60805
16.79,1.53016
16.8,1.51854
16.81,1.46733
16.82,1.40107
16.83,1.39693
16.84,1.31028
16.85,1.33981
16.86,1.24953
16.87,1.23019
16.88,1.19528
16.89,1.14398
16.9,1.13687
16.91,1.07513
16.92,1.08803
16.93,0.99611
16.94,1.01654
16.95,1.04839
16.96,0.93851
16.97,0.92707
16.98,0.94228
16.99,0.91258
17.0,0.89954
17.01,0.88806
17.02,0.88068
17.03,0.88877
17.04,0.86915
17.05,0.86058
17.06,0.91061
17.07,0.98361
17.08,0.97403
17.09,1.01657
17.1,1.16384
17.11,1.22885
17.12,1.28538
17.13,1.50885
17.14,1.61282
17.15,1.78136
17.16,1.95561
17.17,2.11555
17.18,2.29398
17.19,2.41718
17.2,2.59409
17.21,2.70681
17.22,2.85719
17.23,2.95618
17.24,2.99307
17.25,3.1171
17.26,3.11184
17.27,3.17633
17.28,3.16945
17.29,3.20402
17.3,3.11904
17.31,3.08106
17.32,3.04828
17.33,2.99108
17.34,2.97175
17.35,2.84502
17.36,2.80736
17.37,2.75318
17.38,2.76141
17.39,2.73361
17.4,2.63014
17.41,2.58047
17.42,2.54067
17.43,2.52666
17.44,2.4169
17.45,2.40403
17.46,2.3773
17.47,2.31316
17.48,2.25298
17.49,2.2259
17.5,2.06326
17.51,2.11367
17.52,2.0238
17.53,1.9403
17.54,1.96455
17.55,1.94694
17.56,1.86081
17.57,1.85534
17.58,1.83929
17.59,1.79645
17.6,1.77361
17.61,1.71473
17.62,1.66276
17.63,1.57981
17.64,1.58667
17.65,1.53339
17.66,1.58674
17.67,1.47759
17.68,1.44642
17.69,1.41816
17.7,1.36143
17.71,1.36975
17.72,1.25994
17.73,1.24574
17.74,1.18098
17.75,1.12944
17.76,1.11905
17.77,1.1072
17.78,1.06867
17.79,1.03599
17.8,0.99132
17.81,1.00885
17.82,0.94478
17.83,0.99185
17.84,0.95128
17.85,0.88585
17.86,0.90282
17.87,0.87494
17.88,0.89684
17.89,0.92336
17.9,0.83088
17.91,0.90476
17.92,0.9229
17.93,0.98832
17.94,1.03064
17.95,1.0744
17.96,1.17719
17.97,1.26956
17.98,1.44831
17.99,1.55348
18.0,1.75851
18.01,1.85712
18.02,2.00049
18.03,2.14064
18.04,2.29378
18.05,2.45576
18.06,2.65658
18.07,2.79567
18.08,2.84862
18.09,3.0203
18.1,3.05678
18.11,3.1334
18.12,3.21524
18.13,3.21276
18.14,3.17947
18.15,3.1472
18.16,3.0829
18.17,3.08908
18.18,3.05976
18.19,2.98659
18.2,2.95922
18.21,2.91108
18.22,2.8477
18.23,2.78164
18.24,2.75445
18.25,2.71259
18.26,2.6181
18.27,2.64575
18.28,2.55369
18.29,2.51049
18.3,2.48399
18.31,2.42171
18.32,2.39423
18.33,2.32413
18.34,2.24618
18.35,2.22397
18.36,2.12745
18.37,2.11433
18.38,2.06067
18.39,2.00788
18.4,1.96503
18.41,1.86979
18.42,1.86982
18.43,1.85167
18.44,1.81852
18.45,1.74949
18.46,1.78603
18.47,1.69026
18.48,1.71331
18.49,1.66419
18.5,1.59783
18.51,1.6347
18.52,1.50814
18.53,1.53242
18.54,1.49446
18.55,1.40311
18.56,1.42359
18.57,1.33336
18.58,1.3097
18.59,1.27075
18.6,1.223
18.61,1.21793
18.62,1.18658
18.63,1.082
18.64,1.1475
18.65,1.03426
18.66,1.09227
18.67,1.07324
18.68,0.98552
18.69,0.98528
18.7,0.94449
18.71,0.95245
18.72,0.93294
18.73,0.95212
18.74,0.95942
18.75,0.96004
18.76,0.90805
18.77,0.93617
18.78,0.92224
18.79,0.99342
18.8,1.10735
18.81,1.20451
18.82,1.21376
18.83,1.34443
18.84,1.48832
18.85,1.63804
18.86,1.7569
18.87,1.95334
18.88,2.09009
18.89,2.26794
18.9,2.44521
18.91,2.58195
18.92,2.71048
18.93,2.8478
18.94,2.95911
18.95,3.04262
18.96,3.11811
18.97,3.22589
18.98,3.22717
18.99,3.21538
19.0,3.24229
19.01,3.19389
19.02,3.20946
19.03,3.14614
19.04,3.08556
19.05,3.05127
19.06,2.93717
19.07,2.89605
19.08,2.83998
19.09,2.82723
19.1,2.8237
19.11,2.78913
19.12,2.69323
19.13,2.64201
19.14,2.5263
19.15,2.51729
19.16,2.4626
19.17,2.41934
19.18,2.38359
19.19,2.32412
19.2,2.22781
19.21,2.25821
19.22,2.1524
19.23,2.14142
19.24,2.14759
19.25,2.01091
19.26,1.91811
19.27,1.9436
19.28,1.94605
19.29,1.9351
19.3,1.80491
19.31,1.82373
19.32,1.76285
19.33,1.74187
19.34,1.79222
19.35,1.63466
19.36,1.6528
19.37,1.623
19.38,1.60361
19.39,1.5345
19.4,1.50015
19.41,1.43787
19.42,1.41638
19.43,1.35735
19.44,1.34694
19.45,1.27973
19.46,1.26695
19.47,1.22211
19.48,1.22672
19.49,1.16378
19.5,1.08665
19.51,1.15394
19.52,1.06644
19.53,1.05239
19.54,1.03314
19.55,1.0718
19.56,0.94686
19.57,1.08682
19.58,1.00847
19.59,0.97128
19.6,0.95606
19.61,0.96663
19.62,0.98335
19.63,1.00808
19.64,1.03972
19.65,1.07506
19.66,1.13203
19.67,1.21597
19.68,1.31427
19.69,1.47015
19.7,1.585
19.71,1.62298
19.72,1.88504
19.73,2.03226
19.74,2.19009
19.75,2.34246
19.76,2.54656
19.77,2.6914
19.78,2.77784
19.79,2.9362
19.8,3.00034
19.81,3.07451
19.82,3.16353
19.83,3.25459
19.84,3.28431
19.85,3.28005
19.86,3.27916
19.87,3.25171
19.88,3.18436
19.89,3.17509
19.9,3.13833
19.91,3.08509
19.92,3.04419
19.93,2.97535
19.94,2.91088
19.95,2.88006
19.96,2.79645
19.97,2.72171
19.98,2.69553
19.99,2.63118
20.0,2.58666
20.01,2.55571
20.02,2.48871
20.03,2.4547
20.04,2.3575
20.05,2.37013
20.06,2.31254
20.07,2.2366
20.08,2.22989
20.09,2.18827
20.1,2.06358
20.11,2.04271
20.12,1.9988
20.13,1.95262
20.14,1.96729
20.15,1.90058
20.16,1.86443
20.17,1.77963
20.18,1.82694
20.19,1.7389
20.2,1.7455
20.21,1.71853
20.22,1.71602
20.23,1.59923
20.24,1.50951
20.25,1.56577
20.26,1.57338
20.27,1.51517
20.28,1.44311
20.29,1.38172
20.3,1.38183
20.31,1.29155
20.32,1.30058
20.33,1.26956
20.34,1.25687
20.35,1.28089
20.36,1.18493
20.37,1.13455
20.38,1.12686
20.39,1.05315
20.4,1.06453
20.41,1.05284
20.42,1.03008
20.43,1.03269
20.44,0.98846
20.45,1.03589
20.46,0.99726
20.47,0.99977
20.48,1.00289
20.49,1.04201
20.5,1.10056
20.51,1.10365
20.52,1.1803
20.53,1.27838
20.54,1.35151
20.55,1.48779
20.56,1.63308
20.57,1.8208
20.58,1.95893
20.59,2.11921
20.6,2.30334
20.61,2.4362
20.62,2.60868
20.63,2.74088
20.64,2.88595
20.65,2.97869
20.66,3.02318
20.67,3.17306
20.68,3.28044
20.69,3.30628
20.7,3.32913
20.71,3.34134
20.72,3.29543
20.73,3.27396
20.74,3.21409
20.75,3.1796
20.76,3.15835
20.77,3.12334
20.78,3.02881
20.79,2.96514
20.8,2.92522
20.81,2.89131
20.82,2.77971
20.83,2.70548
20.84,2.71038
20.85,2.6435
20.86,2.61823
20.87,2.58199
20.88,2.52499
20.89,2.53329
20.9,2.44958
20.91,2.39797
20.92,2.35627
20.93,2.25208
20.94,2.26663
20.95,2.1836
20.96,2.15819
20.97,2.06037
20.98,2.00292
20.99,2.03376
21.0,1.9828
21.01,1.90903
21.02,1.87642
21.03,1.90391
21.04,1.80267
21.05,1.8557
21.06,1.74673
21.07,1.75898
21.08,1.69446
21.09,1.68519
21.1,1.6119
21.11,1.58312
21.12,1.54812
21.13,1.47542
21.14,1.48667
21.15,1.40904
21.16,1.37921
21.17,1.32001
21.18,1.2392
21.19,1.27915
21.2,1.3286
21.21,1.25338
21.22,1.2048
21.23,1.17449
21.24,1.16109
21.25,1.15556
21.26,1.083
21.27,1.13179
21.28,1.10085
21.29,1.08386
21.3,1.06146
21.31,1.03948
21.32,1.05605
21.33,1.05899
21.34,1.04647
21.35,1.06824
21.36,1.13118
21.37,1.23304
21.38,1.22459
21.39,1.31003
21.4,1.46807
21.41,1.58944
21.42,1.73182
21.43,1.88408
21.44,2.02856
21.45,2.24325
21.46,2.31476
21.47,2.49912
21.48,2.6751
21.49,2.77249
21.5,2.94622
21.51,3.11452
21.52,3.15999
21.53,3.24128
21.54,3.25144
21.55,3.30588
21.56,3.32955
21.57,3.33065
21.58,3.36306
21.59,3.31325
21.6,3.22513
21.61,3.22042
21.62,3.17752
21.63,3.14346
21.64,3.10223
21.65,2.97014
21.66,2.92317
21.67,2.85826
21.68,2.83915
21.69,2.81184
21.7,2.78021
21.71,2.70158
21.72,2.6475
21.73,2.61436
21.74,2.53658
21.75,2.57509
21.76,2.4139
21.77,2.41661
21.78,2.42031
21.79,2.30849
21.8,2.25203
21.81,2.19783
21.82,2.15588
21.83,2.15758
21.84,2.00776
21.85,2.08052
21.86,1.95472
21.87,1.95455
21.88,1.91644
21.89,1.91479
21.9,1.81737
21.91,1.84704
21.92,1.86086
21.93,1.72483
21.94,1.73536
21.95,1.67204
21.96,1.66533
21.97,1.61254
21.98,1.5514
21.99,1.54385
22.0,1.54247
22.01,1.44296
22.02,1.43242
22.03,1.33641
22.04,1.31342
22.05,1.32577
22.06,1.32808
22.07,1.26838
22.08,1.22426
22.09,1.2109
22.1,1.15161
22.11,1.18609
22.12,1.1738
22.13,1.11389
22.14,1.09476
22.15,1.10044
22.16,1.06643
22.17,1.06969
22.18,1.13377
22.19,1.07146
22.2,1.08728
22.21,1.11081
22.22,1.19954
22.23,1.23487
22.24,1.30083
22.25,1.45704
22.26,1.57362
22.27,1.64193
22.28,1.74613
22.29,1.98515
22.3,2.09456
22.31,2.30271
22.32,2.38359
22.33,2.62899
22.34,2.71735
22.35,2.91546
22.36,3.01913
22.37,3.09807
22.38,3.20356
22.39,3.30554
22.4,3.33723
22.41,3.38116
22.42,3.43422
22.43,3.3228
22.44,3.39876
22.45,3.3221
22.46,3.25152
22.47,3.19138
22.48,3.17407
22.49,3.15351
22.5,3.06746
22.51,3.06258
22.52,2.92096
22.53,2.91303
22.54,2.82639
22.55,2.82682
22.56,2.79539
22.57,2.70939
22.58,2.59694
22.59,2.63345
22.6,2.59204
22.61,2.54144
22.62,2.51578
22.63,2.39527
22.64,2.39624
22.65,2.36037
22.66,2.22093
22.67,2.23511
22.68,2.1637
22.69,2.13213
22.7,2.10341
22.71,2.03942
22.72,1.99728
22.73,1.98413
22.74,1.91754
22.75,1.88549
22.76,1.90651
22.77,1.81924
22.78,1.84022
22.79,1.79916
22.8,1.69688
22.81,1.69
22.82,1.70632
22.83,1.60012
22.84,1.57412
22.85,1.56048
22.86,1.52944
22.87,1.45911
22.88,1.41138
22.89,1.43698
22.9,1.41403
22.91,1.36135
22.92,1.30708
22.93,1.25489
22.94,1.2305
22.95,1.24857
22.96,1.22376
22.97,1.23215
22.98,1.18908
22.99,1.1048
23.0,1.16329
23.01,1.08614
23.02,1.09282
23.03,1.10568
23.04,1.15941
23.05,1.20379
23.06,1.15129
23.07,1.16377
23.08,1.23668
23.09,1.31504
23.1,1.3636
23.11,1.52888
23.12,1.59999
23.13,1.74087
23.14,1.89133
23.15,2.03916
23.16,2.21321
23.17,2.33368
23.18,2.49826
23.19,2.63952
23.2,2.8341
23.21,2.98014
23.22,3.09088
23.23,3.23002
23.24,3.26298
23.25,3.34654
23.26,3.33707
23.27,3.38231
23.28,3.42106
23.29,3.41605
23.3,3.35855
23.31,3.33095
23.32,3.2448
23.33,3.23087
23.34,3.21579
23.35,3.152
23.36,3.09514
23.37,3.02777
23.38,2.97409
23.39,2.90336
23.4,2.89503
23.41,2.83886
23.42,2.79392
23.43,2.71652
23.44,2.62051
23.45,2.67008
23.46,2.57385
23.47,2.51231
23.48,2.50805
23.49,2.42395
23.5,2.41587
23.51,2.35144
23.52,2.3034
23.53,2.19359
23.54,2.22479
23.55,2.15266
23.56,2.09281
23.57,2.06988
23.58,1.97633
23.59,2.00781
23.6,1.93193
23.61,1.89015
23.62,1.85294
23.63,1.89921
23.64,1.81299
23.65,1.84236
23.66,1.74304
23.67,1.669
23.68,1.64642
23.69,1.67572
23.7,1.59231
23.71,1.53914
23.72,1.51994
23.73,1.4913
23.74,1.47295
23.75,1.44849
23.76,1.36243
23.77,1.30417
23.78,1.3046
23.79,1.29984
23.8,1.23968
23.81,1.21752
23.82,1.23493
23.83,1.20209
23.84,1.18409
23.85,1.14092
23.86,1.13909
23.87,1.10347
23.88,1.14746
23.89,1.14748
23.9,1.06482
23.91,1.10628
23.92,1.11545
23.93,1.1811
23.94,1.25394
23.95,1.28544
23.96,1.39086
23.97,1.49484
23.98,1.65354
23.99,1.78598
24.0,1.91065
24.01,2.09484
24.02,2.23569
24.03,2.40801
24.04,2.62795
24.05,2.77312
24.06,2.83895
24.07,3.03442
24.08,3.14926
24.09,3.18761
24.1,3.32419
24.11,3.40323
24.12,3.36103
24.13,3.38591
24.14,3.44536
24.15,3.40911
24.16,3.39077
24.17,3.34736
24.18,3.30403
24.19,3.20235
24.2,3.22024
24.21,3.16924
24.22,3.07266
24.23,3.02465
24.24,2.92797
24.25,2.93899
24.26,2.89191
24.27,2.8252
24.28,2.81373
24.29,2.72295
24.3,2.70242
24.31,2.60656
24.32,2.58707
24.33,2.53211
24.34,2.49282
24.35,2.42324
24.36,2.3787
24.37,2.35642
24.38,2.26882
24.39,2.18586
24.4,2.24098
24.41,2.18697
24.42,2.06647
24.43,2.0882
24.44,2.01693
24.45,2.00618
24.46,1.9745
24.47,1.9265
24.48,1.87765
24.49,1.84726
24.5,1.80598
24.51,1.77239
24.52,1.75749
24.53,1.69857
24.54,1.69976
24.55,1.68234
24.56,1.57855
24.57,1.56182
24.58,1.52944
24.59,1.49015
24.6,1.44199
24.61,1.4282
24.62,1.38919
24.63,1.3089
24.64,1.34564
24.65,1.32157
24.66,1.24884
24.67,1.25064
24.68,1.24843
24.69,1.20062
24.7,1.21875
24.71,1.23833
24.72,1.12673
24.73,1.09504
24.74,1.13657
24.75,1.14676
24.76,1.12453
24.77,1.19218
24.78,1.13832
24.79,1.24372
24.8,1.26515
24.81,1.41214
24.82,1.51466
24.83,1.54289
24.84,1.6759
24.85,1.85828
24.86,1.97201
24.87,2.14127
24.88,2.30666
24.89,2.41194
24.9,2.62914
24.91,2.76137
24.92,2.90865
24.93,3.09384
24.94,3.12307
24.95,3.27668
24.96,3.31563
24.97,3.36722
24.98,3.43129
24.99,3.43125
25.0,3.43485
25.01,3.42886
25.02,3.35978
25.03,3.31168
25.04,3.25077
25.05,3.20716
25.06,3.2664
25.07,3.16036
25.08,3.02797
25.09,2.97551
25.1,2.97796
25.11,2.92991
25.12,2.88139
25.13,2.8097
25.14,2.76646
25.15,2.73283
25.16,2.67774
25.17,2.55984
25.18,2.56971
25.19,2.50024
25.2,2.47945
25.21,2.51185
25.22,2.38164
25.23,2.31038
25.24,2.29807
25.25,2.23752
25.26,2.19068
25.27,2.15395
25.28,2.15778
25.29,2.02498
25.3,2.03806
25.31,1.96258
25.32,1.97451
25.33,1.89802
25.34,1.88039
25.35,1.85041
25.36,1.85346
25.37,1.815
25.38,1.71163
25.39,1.71065
25.4,1.64655
25.41,1.58826
25.42,1.57767
25.43,1.53374
25.44,1.57592
25.45,1.4781
25.46,1.38807
25.47,1.37928
25.48,1.39627
25.49,1.40013
25.5,1.26388
25.51,1.23077
25.52,1.32028
25.53,1.25369
25.54,1.19441
25.55,1.21551
25.56,1.10021
25.57,1.16059
25.58,1.15388
25.59,1.15901
25.6,1.09343
25.61,1.12622
25.62,1.10498
25.63,1.16085
25.64,1.16009
25.65,1.22347
25.66,1.27085
25.67,1.40225
25.68,1.50751
25.69,1.59018
25.7,1.72885
25.71,1.82766
25.72,2.01573
25.73,2.18369
25.74,2.42747
25.75,2.47838
25.76,2.7138
25.77,2.84934
25.78,2.96532
25.79,3.13204
25.8,3.19536
25.81,3.28169
25.82,3.33426
25.83,3.41836
25.84,3.44096
25.85,3.39764
25.86,3.36898
25.87,3.38069
25.88,3.32956
25.89,3.30959
25.9,3.3002
25.91,3.19689
25.92,3.15479
25.93,3.10279
25.94,3.07213
25.95,2.92627
25.96,2.92416
25.97,2.89901
25.98,2.88032
25.99,2.78204
26.0,2.69327
26.01,2.72068
26.02,2.63484
26.03,2.56905
26.04,2.53576
26.05,2.49775
26.06,2.4333
26.07,2.33325
26.08,2.37471
26.09,2.33544
26.1,2.26777
26.11,2.16725
26.12,2.15098
26.13,2.11515
26.14,2.09426
26.15,2.0597
26.16,1.98295
26.17,1.97418
26.18,1.95293
26.19,1.95045
26.2,1.89489
26.21,1.86328
26.22,1.80647
26.23,1.80892
26.24,1.73985
26.25,1.66123
26.26,1.68763
26.27,1.62445
26.28,1.54838
26.29,1.50629
26.3,1.49006
26.31,1.45755
26.32,1.41444
26.33,1.38531
26.34,1.39697
26.35,1.35049
26.36,1.29846
26.37,1.29698
26.38,1.21491
26.39,1.23575
26.4,1.25658
26.41,1.17484
26.42,1.13596
26.43,1.12347
26.44,1.09468
26.45,1.09229
26.46,1.09903
26.47,1.0701
26.48,1.12474
26.49,1.17529
26.5,1.15876
26.51,1.28474
26.52,1.32419
26.53,1.42655
26.54,1.47961
26.55,1.64478
26.56,1.72069
26.57,1.92668
26.58,2.06093
26.59,2.23403
26.6,2.34589
26.61,2.51612
26.62,2.71684
26.63,2.81679
26.64,2.99246
26.65,3.05504
26.66,3.22097
26.67,3.23859
26.68,3.35211
26.69,3.39435
26.7,3.37565
26.71,3.41741
26.72,3.39557
26.73,3.34617
26.74,3.29595
26.75,3.22308
26.76,3.24254
26.77,3.13175
26.78,3.12662
26.79,3.0608
26.8,3.03493
26.81,2.95284
26.82,2.90107
26.83,2.88353
26.84,2.82345
26.85,2.7754
26.86,2.73263
26.87,2.62472
26.88,2.64494
26.89,2.59102
26.9,2.49149
26.91,2.46313
26.92,2.41721
26.93,2.36227
26.94,2.32481
26.95,2.30743
26.96,2.24842
26.97,2.13033
26.98,2.14464
26.99,2.12482
27.0,2.05812
27.01,2.0431
27.02,2.03642
27.03,1.97368
27.04,1.91792
27.05,1.90914
27.06,1.84873
27.07,1.81045
27.08,1.76295
27.09,1.78244
27.1,1.67138
27.11,1.70096
27.12,1.62814
27.13,1.52902
27.14,1.54025
27.15,1.42548
27.16,1.46814
27.17,1.43897
27.18,1.36013
27.19,1.34968
27.2,1.3752
27.21,1.27429
27.22,1.23249
27.23,1.28497
27.24,1.27669
27.25,1.19591
27.26,1.20468
27.27,1.19378
27.28,1.11154
27.29,1.10144
27.3,1.13818
27.31,1.14164
27.32,1.10421
27.33,1.06555
27.34,1.16667
27.35,1.11874
27.36,1.16654
27.37,1.24456
27.38,1.35536
27.39,1.4259
27.4,1.52105
27.41,1.64655
27.42,1.77191
27.43,1.93674
27.44,2.00185
27.45,2.23138
27.46,2.41101
27.47,2.52967
27.48,2.72926
27.49,2.85437
27.5,3.04213
27.51,3.14908
27.52,3.18185
27.53,3.26554
27.54,3.32198
27.55,3.34502
27.56,3.3801
27.57,3.35012
27.58,3.32262
27.59,3.34638
27.6,3.30778
27.61,3.21856
27.62,3.21834
27.63,3.11845
27.64,3.0898
27.65,3.05184
27.66,2.97236
27.67,2.93475
27.68,2.85504
27.69,2.81555
27.7,2.76725
27.71,2.70354
27.72,2.67311
27.73,2.58391
27.74,2.5667
27.75,2.5229
27.76,2.47273
27.77,2.42134
27.78,2.37451
27.79,2.33867
27.8,2.29921
27.81,2.20354
27.82,2.13892
27.83,2.09809
27.84,2.0717
27.85,2.03539
27.86,1.98501
27.87,1.93357
27.88,1.92478
27.89,1.91096
27.9,1.89079
27.91,1.82331
27.92,1.79384
27.93,1.74326
27.94,1.7333
27.95,1.67026
27.96,1.6728
27.97,1.56068
27.98,1.56138
27.99,1.53901
28.0,1.15203
28.01,1.63762
28.02,3.38294
28.03,1.64753
28.04,0.86929
28.05,-0.46868
28.06,1.87531
28.07,0.54386
28.08,1.03337
28.09,1.31237
28.1,2.02784
28.11,1.28083
28.12,0.71522
28.13,1.16927
28.14,1.02805
28.15,1.58924
28.16,1.36091
28.17,1.52744
28.18,1.26876
28.19,0.97934
28.2,0.85701
28.21,1.90829
28.22,1.48423
28.23,0.65509
28.24,0.82337
28.25,1.10019
28.26,1.85965
28.27,1.65101
28.28,1.46425
28.29,2.2795
28.3,2.10921
28.31,2.01556
28.32,2.63673
28.33,3.05663
28.34,2.59909
28.35,2.88823
28.36,2.65943
28.37,3.44301
28.38,3.7423
28.39,2.73786
28.4,3.16765
28.41,4.49063
28.42,4.07106
28.43,3.68735
28.44,2.37364
28.45,3.25909
28.46,2.43326
28.47,2.61366
28.48,3.29741
28.49,3.04461
28.5,2.88392
28.51,1.81533
28.52,3.08674
28.53,3.43279
28.54,1.92623
28.55,3.74586
28.56,2.45356
28.57,3.06245
28.58,2.24499
28.59,2.28223
28.6,2.40646
28.61,3.54849
28.62,2.03533
28.63,2.88843
28.64,2.76531
28.65,2.29595
28.66,3.35887
28.67,1.95445
28.68,3.09822
28.69,2.37919
28.7,2.76096
28.71,1.68588
28.72,1.28736
28.73,2.57043
28.74,1.83349
28.75,1.38648
28.76,1.72564
28.77,2.02335
28.78,2.22492
28.79,1.46312
28.8,2.41207
28.81,1.09431
28.82,1.70492
28.83,1.53117
28.84,1.13847
28.85,1.11804
28.86,1.60481
28.87,1.29951
28.88,1.81535
28.89,1.63535
28.9,0.74285
28.91,0.80782
28.92,0.79177
28.93,0.99304
28.94,1.45419
28.95,1.72472
28.96,1.05233
28.97,1.80904
28.98,0.00528
28.99,0.32805
29.0,2.72334
29.01,0.72844
29.02,0.57896
29.03,1.59518
29.04,-0.50525
29.05,0.51323
29.06,2.09365
29.07,0.25195
29.08,0.31761
29.09,0.66873
29.1,1.81396
29.11,1.75411
29.12,0.79954
29.13,1.95063
29.14,2.87611
29.15,3.46859
29.16,2.18359
29.17,0.78055
29.18,1.55708
29.19,2.04307
29.2,2.55465
29.21,3.09996
29.22,4.03231
29.23,3.97466
29.24,2.83561
29.25,3.50026
29.26,3.25223
29.27,3.46838
29.28,4.2769
29.29,3.69141
29.3,4.53174
29.31,2.03569
29.32,2.47635
29.33,2.97224
29.34,3.61496
29.35,4.23983
29.36,3.1819
29.37,1.94119
29.38,2.94783
29.39,2.93812
29.4,1.63551
29.41,3.02953
29.42,2.12
29.43,2.346
29.44,1.81194
29.45,2.58152
29.46,2.3183
29.47,1.69257
29.48,3.28127
29.49,1.74061
29.5,2.50813
29.51,1.43337
29.52,1.58553
29.53,2.34694
29.54,2.59505
29.55,3.28586
29.56,2.20338
29.57,2.00383
29.58,1.30503
29.59,1.6317
29.6,2.08485
29.61,2.0595
29.62,1.06266
29.63,2.0377
29.64,1.73259
29.65,0.86023
29.66,0.64303
29.67,2.59067
29.68,2.17835
29.69,1.71001
29.7,0.73385
29.71,0.61263
29.72,1.75036
29.73,1.36935
29.74,1.24537
29.75,1.98721
29.76,1.03015
29.77,1.96735
29.78,1.63581
29.79,0.56507
29.8,0.76926
29.81,-0.09356
29.82,0.60673
29.83,0.40017
29.84,0.84685
29.85,0.40588
29.86,-0.03388
29.87,0.95439
29.88,1.63532
29.89,1.6933
29.9,-0.11053
29.91,0.61461
29.92,-0.1856
29.93,1.47335
29.94,1.79456
29.95,1.05288
29.96,1.06155
29.97,0.94654
29.98,-0.21617
29.99,1.51517
30.0,1.73241
30.01,1.92045
30.02,2.0958
30.03,2.32829
30.04,2.44933
30.05,2.54712
30.06,2.74619
30.07,2.81616
30.08,3.00985
30.09,3.05977
30.1,3.14806
30.11,3.24751
30.12,3.20613
30.13,3.22096
30.14,3.24617
30.15,3.28037
30.16,3.1763
30.17,3.09925
30.18,3.12525
30.19,3.10458
30.2,3.07013
30.21,2.96497
30.22,2.91133
30.23,2.90411
30.24,2.76077
30.25,2.75428
30.26,2.72226
30.27,2.68176
30.28,2.60534
30.29,2.57407
30.3,2.45033
30.31,2.45633
30.32,2.43973
30.33,2.34566
30.34,2.32505
30.35,2.28439
30.36,2.20846
30.37,2.17228
30.38,2.08801
30.39,2.06227
30.4,2.04066
30.41,1.98353
30.42,1.92039
30.43,1.90643
30.44,1.8851
30.45,1.76788
30.46,1.831
30.47,1.75345
30.48,1.74339
30.49,1.73281
30.5,1.6207
30.51,1.60391
30.52,1.57815
30.53,1.52331
30.54,1.55758
30.55,1.43773
30.56,1.40446
30.57,1.38542
30.58,1.30251
30.59,1.28771
30.6,1.27231
30.61,1.21849
30.62,1.19396
30.63,1.15166
30.64,1.09513
30.65,1.12509
30.66,1.14436
30.67,1.06952
30.68,1.05364
30.69,1.04613
30.7,0.96643
30.71,1.03593
30.72,0.97332
30.73,1.00186
30.74,0.9214
30.75,0.9951
30.76,0.96966
30.77,0.97963
30.78,0.99947
30.79,1.02895
30.8,1.13234
30.81,1.17728
30.82,1.2079
30.83,1.34391
30.84,1.49788
30.85,1.65238
30.86,1.79204
30.87,1.98883
30.88,2.05652
30.89,2.28253
30.9,2.38324
30.91,2.61262
30.92,2.72791
30.93,2.86995
30.94,2.94122
30.95,3.09658
30.96,3.16071
30.97,3.19812
30.98,3.20824
30.99,3.24254
31.0,3.20018
31.01,3.22868
31.02,3.22196
31.03,3.16448
31.04,3.06331
31.05,3.0442
31.06,2.94012
31.07,2.94075
31.08,2.88214
31.09,2.75878
31.1,2.72791
31.11,2.70384
31.12,2.65431
31.13,2.57905
31.14,2.57946
31.15,2.52768
31.16,2.46607
31.17,2.40006
31.18,2.40397
31.19,2.37093
31.2,2.25477
31.21,2.1986
31.22,2.17962
31.23,2.10291
31.24,2.05969
31.25,2.03829
31.26,1.91346
31.27,1.96756
31.28,1.89014
31.29,1.83805
31.3,1.81227
31.31,1.77996
31.32,1.69623
31.33,1.76037
31.34,1.68371
31.35,1.66173
31.36,1.64154
31.37,1.54524
31.38,1.55126
31.39,1.48866
31.4,1.48056
31.41,1.34915
31.42,1.36779
31.43,1.31113
31.44,1.30195
31.45,1.26472
31.46,1.19332
31.47,1.15965
31.48,1.14675
31.49,1.09467
31.5,1.12047
31.51,1.05949
31.52,0.96
31.53,1.01347
31.54,0.97168
31.55,0.93257
31.56,0.92387
31.57,0.94515
31.58,0.96495
31.59,0.9214
31.6,0.88605
31.61,0.9174
31.62,0.89872
31.63,0.91178
31.64,0.93144
31.65,0.96195
31.66,1.06751
31.67,1.16563
31.68,1.25673
31.69,1.3623
31.7,1.47658
31.71,1.66632
31.72,1.76186
31.73,1.98484
31.74,2.09485
31.75,2.26493
31.76,2.40135
31.77,2.57958
31.78,2.76107
31.79,2.86937
31.8,2.98789
31.81,3.05973
31.82,3.07653
31.83,3.14523
31.84,3.15789
31.85,3.22929
31.86,3.14535
31.87,3.18602
31.88,3.15251
31.89,3.13828
31.9,3.02243
31.91,3.00337
31.92,2.99565
31.93,2.85339
31.94,2.77125
31.95,2.70766
31.96,2.73387
31.97,2.60607
31.98,2.60279
31.99,2.57933
32.0,2.5243
32.01,2.48379
32.02,2.42928
32.03,2.41158
32.04,2.29417
32.05,2.251
32.06,2.19606
32.07,2.1919
32.08,2.14217
32.09,2.07788
32.1,2.05066
32.11,1.93276
32.12,1.97355
32.13,1.92734
32.14,1.86446
32.15,1.859
32.16,1.72098
32.17,1.72149
32.18,1.68246
32.19,1.69353
32.2,1.60717
32.21,1.62707
32.22,1.60962
32.23,1.55182
32.24,1.50025
32.25,1.42143
32.26,1.38395
32.27,1.40465
32.28,1.34853
32.29,1.28281
32.3,1.23176
32.31,1.14585
32.32,1.13921
32.33,1.19596
32.34,1.07005
32.35,1.08637
32.36,1.08515
32.37,0.99313
32.38,1.01331
32.39,1.01368
32.4,0.96427
32.41,1.02888
32.42,0.87265
32.43,0.93597
32.44,0.88323
32.45,0.8999
32.46,0.88416
32.47,0.85092
32.48,0.89167
32.49,0.85288
32.5,0.96437
32.51,1.00828
32.52,1.08807
32.53,1.18731
32.54,1.2702
32.55,1.3833
32.56,1.48663
32.57,1.63811
32.58,1.85078
32.59,2.01983
32.6,2.13322
32.61,2.30347
32.62,2.4308
32.63,2.63936
32.64,2.75737
32.65,2.91305
32.66,2.92785
32.67,3.02283
32.68,3.10101
32.69,3.15342
32.7,3.14846
32.71,3.13206
32.72,3.17243
32.73,3.14213
32.74,3.05682
32.75,3.08067
32.76,3.02514
32.77,2.94065
32.78,2.88402
32.79,2.84315
32.8,2.74648
32.81,2.72053
32.82,2.60407
32.83,2.64551
32.84,2.52416
32.85,2.56858
32.86,2.46617
32.87,2.42194
32.88,2.36087
32.89,2.32144
32.9,2.32196
32.91,2.15321
32.92,2.21407
32.93,2.13379
32.94,2.03592
32.95,1.98956
32.96,2.02357
32.97,1.89863
32.98,1.84868
32.99,1.87637
33.0,1.81396
33.01,1.73953
33.02,1.73985
33.03,1.6695
33.04,1.70078
33.05,1.66695
33.06,1.61768
33.07,1.57794
33.08,1.5837
33.09,1.49292
33.1,1.4179
33.11,1.42591
33.12,1.43319
33.13,1.29805
33.14,1.27591
33.15,1.25853
33.16,1.20536
33.17,1.14058
33.18,1.16924
33.19,1.17331
33.2,1.08024
33.21,1.02016
33.22,0.97566
33.23,1.00619
33.24,1.00891
33.25,0.9681
33.26,0.93237
33.27,0.89402
33.28,0.85929
33.29,0.89934
33.3,0.88704
33.31,0.80316
33.32,0.89353
33.33,0.86777
33.34,0.90772
33.35,0.85316
33.36,0.89446
33.37,0.98875
33.38,1.08284
33.39,1.21329
33.4,1.289
33.41,1.38467
33.42,1.49922
33.43,1.7164
33.44,1.80841
33.45,2.04885
33.46,2.15506
33.47,2.37186
33.48,2.49809
33.49,2.61656
33.5,2.73416
33.51,2.85207
33.52,2.9692
33.53,3.03303
33.54,3.06716
33.55,3.11451
33.56,3.13764
33.57,3.07018
33.58,3.1316
33.59,3.05976
33.6,3.01589
33.61,2.95381
33.62,2.89955
33.63,2.85877
33.64,2.82312
33.65,2.84816
33.66,2.72009
33.67,2.68909
33.68,2.64536
33.69,2.58835
33.7,2.53424
33.71,2.45338
33.72,2.48542
33.73,2.44823
33.74,2.29478
33.75,2.26472
33.76,2.2362
33.77,2.16401
33.78,2.15609
33.79,2.06717
33.8,2.10284
33.81,2.02386
33.82,1.94669
33.83,1.92566
33.84,1.88519
33.85,1.79493
33.86,1.74973
33.87,1.7411
33.88,1.73083
33.89,1.67641
33.9,1.59256
33.91,1.5831
33.92,1.57137
33.93,1.53637
33.94,1.56122
33.95,1.42216
33.96,1.43902
33.97,1.4274
33.98,1.40902
33.99,1.28678
34.0,1.27226
34.01,1.23442
34.02,1.18481
34.03,1.13985
34.04,1.12227
34.05,1.0022
34.06,1.07008
34.07,1.02704
34.08,0.99201
34.09,1.03685
34.1,0.93289
34.11,0.91937
34.12,0.97009
34.13,0.86501
34.14,0.85438
34.15,0.84958
34.16,0.86579
34.17,0.83846
34.18,0.79206
34.19,0.82248
34.2,0.8389
34.21,0.88654
34.22,0.94813
34.23,1.01052
34.24,1.02423
34.25,1.20604
34.26,1.29487
34.27,1.45727
34.28,1.57079
34.29,1.74284
34.3,1.88351
34.31,2.07334
34.32,2.21187
34.33,2.35234
34.34,2.57447
34.35,2.67238
34.36,2.78763
34.37,2.83969
34.38,2.92796
34.39,3.04414
34.4,3.08839
34.41,3.09475
34.42,3.12827
34.43,3.16607
34.44,3.11938
34.45,3.03259
34.46,3.02256
34.47,2.95416
34.48,2.91471
34.49,2.85964
34.5,2.80274
34.51,2.72496
34.52,2.70563
34.53,2.64115
34.54,2.52025
34.55,2.62128
34.56,2.54483
34.57,2.45372
34.58,2.41824
34.59,2.33455
34.6,2.37165
34.61,2.32769
34.62,2.22449
34.63,2.19881
34.64,2.12143
34.65,2.02445
34.66,2.00153
34.67,1.96871
34.68,1.90405
34.69,1.86652
34.7,1.82839
34.71,1.78941
34.72,1.75656
34.73,1.68838
34.74,1.66539
34.75,1.61593
34.76,1.65153
34.77,1.52626
34.78,1.59022
34.79,1.56193
34.8,1.47431
34.81,1.36662
34.82,1.39372
34.83,1.36137
34.84,1.29115
34.85,1.26426
34.86,1.28463
34.87,1.21908
34.88,1.13374
34.89,1.07823
34.9,1.0836
34.91,1.05683
34.92,1.05035
34.93,0.99373
34.94,1.00111
34.95,1.02102
34.96,0.96545
34.97,0.91815
34.98,0.89328
34.99,0.86812
35.0,0.8958
35.01,0.82564
35.02,0.83379
35.03,0.82754
35.04,0.81205
35.05,0.79661
35.06,0.86981
35.07,0.89421
35.08,0.96217
35.09,0.99867
35.1,1.13585
35.11,1.17448
35.12,1.36997
35.13,1.39878
35.14,1.60943
35.15,1.76557
35.16,1.88874
35.17,2.08926
35.18,2.2775
35.19,2.32989
35.2,2.55965
35.21,2.6054
35.22,2.77139
35.23,2.95165
35.24,2.96847
35.25,3.01383
35.26,3.08624
35.27,3.17811
35.28,3.0672
35.29,3.08079
35.3,3.13385
35.31,3.11019
35.32,3.00841
35.33,2.92539
35.34,2.97274
35.35,2.90319
35.36,2.82092
35.37,2.72216
35.38,2.69249
35.39,2.63827
35.4,2.60373
35.41,2.58933
35.42,2.52495
35.43,2.41922
35.44,2.44549
35.45,2.36549
35.46,2.32761
35.47,2.30082
35.48,2.17238
35.49,2.15297
35.5,2.08632
35.51,2.00395
35.52,2.01122
35.53,2.0277
35.54,1.85089
35.55,1.86139
35.56,1.84051
35.57,1.78655
35.58,1.74338
35.59,1.67362
35.6,1.68673
35.61,1.62485
35.62,1.54963
35.63,1.61828
35.64,1.57712
35.65,1.5143
35.66,1.4823
35.67,1.46866
35.68,1.40277
35.69,1.3818
35.7,1.30401
35.71,1.31082
35.72,1.24055
35.73,1.19778
35.74,1.11696
35.75,1.12921
35.76,1.06376
35.77,1.04023
35.78,1.00791
35.79,0.97535
35.8,1.04758
35.81,1.00137
35.82,0.99737
35.83,0.88196
35.84,0.90029
35.85,0.83987
35.86,0.84009
35.87,0.81858
35.88,0.87283
35.89,0.81939
35.9,0.86708
35.91,0.86708
35.92,0.94422
35.93,0.87097
35.94,1.00896
35.95,1.07804
35.96,1.10402
35.97,1.26987
35.98,1.37209
35.99,1.49176
36.0,1.62227
36.01,1.78264
36.02,2.02828
36.03,2.13087
36.04,2.31591
36.05,2.4239
36.06,2.56928
36.07,2.75674
36.08,2.79921
36.09,2.9244
36.1,3.01547
36.11,3.07529
36.12,3.10422
36.13,3.14023
36.14,3.15058
36.15,3.13801
36.16,3.05969
36.17,3.04371
36.18,3.04329
36.19,2.98418
36.2,2.86288
36.21,2.86
36.22,2.73556
36.23,2.74279
36.24,2.74633
36.25,2.61069
36.26,2.56535
36.27,2.5657
36.28,2.4495
36.29,2.42985
36.3,2.41933
36.31,2.33416
36.32,2.29682
36.33,2.27588
36.34,2.21502
36.35,2.15873
36.36,2.08898
36.37,2.05935
36.38,1.99492
36.39,1.96461
36.4,1.89052
36.41,1.85709
36.42,1.7927
36.43,1.78374
36.44,1.72509
36.45,1.68239
36.46,1.69109
36.47,1.6577
36.48,1.64257
36.49,1.57309
36.5,1.5639
36.51,1.53221
36.52,1.49133
36.53,1.41391
36.54,1.40255
36.55,1.36758
36.56,1.31525
36.57,1.21129
36.58,1.23867
36.59,1.26193
36.6,1.14865
36.61,1.10399
36.62,1.106
36.63,1.07565
36.64,1.07578
36.65,0.97783
36.66,1.01447
36.67,0.9882
36.68,0.94483
36.69,0.93842
36.7,0.939
36.71,0.91534
36.72,0.83797
36.73,0.88322
36.74,0.84787
36.75,0.84986
36.76,0.85643
36.77,0.86706
36.78,0.93744
36.79,0.94384
36.8,0.97339
36.81,1.07262
36.82,1.18435
36.83,1.32709
36.84,1.43504
36.85,1.53177
36.86,1.78321
36.87,1.87584
36.88,2.06967
36.89,2.19075
36.9,2.37157
36.91,2.53351
36.92,2.68651
36.93,2.80903
36.94,2.91397
36.95,2.97013
36.96,3.03441
36.97,3.11342
36.98,3.16368
36.99,3.14274
37.0,3.17834
37.01,3.17232
37.02,3.07144
37.03,3.03443
37.04,3.00889
37.05,2.97122
37.06,2.89255
37.07,2.89424
37.08,2.81217
37.09,2.74762
37.1,2.65198
37.11,2.60588
37.12,2.60552
37.13,2.48585
37.14,2.53339
37.15,2.45135
37.16,2.50588
37.17,2.4294
37.18,2.30523
37.19,2.25698
37.2,2.23878
37.21,2.20844
37.22,2.05686
37.23,2.00192
37.24,1.98781
37.25,1.97693
37.26,1.92973
37.27,1.90493
37.28,1.79753
37.29,1.72722
37.3,1.78774
37.31,1.70404
37.32,1.63616
37.33,1.66916
37.34,1.6563
37.35,1.59556
37.36,1.55078
37.37,1.52337
37.38,1.47896
37.39,1.41002
37.4,1.38823
37.41,1.38388
37.42,1.33644
37.43,1.29103
37.44,1.21665
37.45,1.20344
37.46,1.10826
37.47,1.14615
37.48,1.15347
37.49,1.03863
37.5,1.03966
37.51,1.04323
37.52,1.04833
37.53,0.97556
37.54,0.94712
37.55,0.88825
37.56,0.93065
37.57,0.97044
37.58,0.90148
37.59,0.88016
37.6,0.88349
37.61,0.87373
37.62,0.85919
37.63,0.92917
37.64,0.94545
37.65,0.9884
37.66,1.02407
37.67,1.17488
37.68,1.25521
37.69,1.33459
37.7,1.51217
37.71,1.61107
37.72,1.75659
37.73,1.9182
37.74,2.05198
37.75,2.28261
37.76,2.37214
37.77,2.54025
37.78,2.65278
37.79,2.83532
37.8,2.93879
37.81,3.01979
37.82,3.06464
37.83,3.10703
37.84,3.18303
37.85,3.16142
37.86,3.18008
37.87,3.12274
37.88,3.12201
37.89,3.11411
37.9,3.04468
37.91,2.96277
37.92,2.92882
37.93,2.85937
37.94,2.81297
37.95,2.75048
37.96,2.70451
37.97,2.66664
37.98,2.58264
37.99,2.53497
38.0,2.47709
38.01,2.42378
38.02,2.38762
38.03,2.38029
38.04,2.29901
38.05,2.29054
38.06,2.22486
38.07,2.11328
38.08,2.1409
38.09,2.09553
38.1,1.99296
38.11,1.98909
38.12,1.90699
38.13,1.89449
38.14,1.81513
38.15,1.76318
38.16,1.77139
38.17,1.74646
38.18,1.7063
38.19,1.65084
38.2,1.64192
38.21,1.62842
38.22,1.58392
38.23,1.55396
38.24,1.48992
38.25,1.50526
38.26,1.39387
38.27,1.40235
38.28,1.38193
38.29,1.32049
38.3,1.26106
38.31,1.21438
38.32,1.22678
38.33,1.12105
38.34,1.10524
38.35,1.09539
38.36,1.11945
38.37,1.07032
38.38,1.00763
38.39,1.0059
38.4,0.97588
38.41,0.95271
38.42,0.984
38.43,0.89575
38.44,0.97012
38.45,0.93579
38.46,0.9386
38.47,0.89474
38.48,0.91676
38.49,0.90284
38.5,0.9685
38.51,1.05286
38.52,1.14727
38.53,1.16258
38.54,1.28918
38.55,1.41605
38.56,1.51367
38.57,1.72045
38.58,1.83744
38.59,2.01561
38.6,2.17228
38.61,2.32463
38.62,2.50471
38.63,2.64543
38.64,2.77473
38.65,2.88217
38.66,3.01375
38.67,3.13449
38.68,3.14971
38.69,3.21611
38.7,3.16617
38.71,3.21667
38.72,3.1675
38.73,3.13137
38.74,3.11805
38.75,3.13242
38.76,3.07594
38.77,3.00205
38.78,2.89453
38.79,2.88026
38.8,2.84174
38.81,2.786
38.82,2.67516
38.83,2.65508
38.84,2.63239
38.85,2.60361
38.86,2.47497
38.87,2.48894
38.88,2.45024
38.89,2.42255
38.9,2.36791
38.91,2.31377
38.92,2.22093
38.93,2.13632
38.94,2.13098
38.95,2.12323
38.96,2.08718
38.97,2.02114
38.98,1.96971
38.99,1.92791
39.0,1.86212
39.01,1.83949
39.02,1.85988
39.03,1.74917
39.04,1.79409
39.05,1.70407
39.06,1.72082
39.07,1.60494
39.08,1.62922
39.09,1.55232
39.1,1.49311
39.11,1.50191
39.12,1.48454
39.13,1.38751
39.14,1.32686
39.15,1.32908
39.16,1.29086
39.17,1.27372
39.18,1.252
39.19,1.19056
39.2,1.21936
39.21,1.14407
39.22,1.1025
39.23,1.04157
39.24,1.06009
39.25,1.03663
39.26,1.05483
39.27,1.01986
39.28,0.95166
39.29,0.97516
39.3,0.97616
39.31,0.99246
39.32,0.97025
39.33,0.97186
39.34,0.96672
39.35,1.00495
39.36,1.07349
39.37,1.0545
39.38,1.15923
39.39,1.23887
39.4,1.38253
39.41,1.53289
39.42,1.61682
39.43,1.7132
39.44,1.93107
39.45,2.13418
39.46,2.28718
39.47,2.44513
39.48,2.57815
39.49,2.6918
39.5,2.87539
39.51,2.94813
39.52,3.13342
39.53,3.16005
39.54,3.18045
39.55,3.21471
39.56,3.24674
39.57,3.24177
39.58,3.26695
39.59,3.211
39.6,3.14546
39.61,3.17873
39.62,3.0731
39.63,3.04142
39.64,2.94573
39.65,2.92071
39.66,2.86611
39.67,2.74864
39.68,2.81603
39.69,2.74603
39.7,2.6482
39.71,2.58038
39.72,2.57718
39.73,2.52213
39.74,2.48209
39.75,2.428
39.76,2.38725
39.77,2.36448
39.78,2.28671
39.79,2.18693
39.8,2.20882
39.81,2.16805
39.82,2.16621
39.83,1.99312
39.84,1.99191
39.85,1.88263
39.86,1.92469
39.87,1.85684
39.88,1.89784
39.89,1.78479
39.9,1.72561
39.91,1.73009
39.92,1.65201
39.93,1.69948
39.94,1.57903
39.95,1.60415
39.96,1.5017
39.97,1.51392
39.98,1.5316
39.99,1.45178
40.0,1.37427
40.01,1.35967
40.02,1.32338
40.03,1.30149
40.04,1.2133
40.05,1.24167
40.06,1.11482
40.07,1.1513
40.08,1.13158
40.09,1.1426
40.1,1.10258
40.11,1.03866
40.12,1.03075
40.13,1.04649
40.14,1.01966
40.15,0.98837
40.16,0.97849
40.17,1.00605
40.18,0.96884
40.19,0.98992
40.2,1.07693
40.21,1.00144
40.22,1.03568
40.23,1.17794
40.24,1.21419
40.25,1.3222
40.26,1.42206
40.27,1.56672
40.28,1.76477
40.29,1.89379
40.3,2.05588
40.31,2.15154
40.32,2.32331
40.33,2.43231
40.34,2.64479
40.35,2.83775
40.36,2.94984
40.37,3.0358
40.38,3.13097
40.39,3.18028
40.4,3.25631
40.41,3.30285
40.42,3.24281
40.43,3.29521
40.44,3.29484
40.45,3.22327
40.46,3.21638
40.47,3.23274
40.48,3.09375
40.49,3.05493
40.5,2.96655
40.51,2.94021
40.52,2.89596
40.53,2.83704
40.54,2.7513
40.55,2.74017
40.56,2.73085
40.57,2.65382
40.58,2.62241
40.59,2.53899
40.6,2.52019
40.61,2.4566
40.62,2.36922
40.63,2.35614
40.64,2.26542
40.65,2.22508
40.66,2.19959
40.67,2.1542
40.68,2.06305
40.69,2.08625
40.7,2.03034
40.71,1.95325
40.72,1.89192
40.73,1.89941
40.74,1.85758
40.75,1.84241
40.76,1.79635
40.77,1.71475
40.78,1.73
40.79,1.69769
40.8,1.68939
40.81,1.61126
40.82,1.64289
40.83,1.4944
40.84,1.54974
40.85,1.4624
40.86,1.4544
40.87,1.39189
40.88,1.3865
40.89,1.30585
40.9,1.25223
40.91,1.29809
40.92,1.22477
40.93,1.2096
40.94,1.21644
40.95,1.12609
40.96,1.15339
40.97,1.09689
40.98,1.09026
40.99,1.07689
41.0,1.01172
41.01,1.01789
41.02,1.07021
41.03,1.05028
41.04,1.02335
41.05,1.04365
41.06,1.0503
41.07,1.13618
41.08,1.14102
41.09,1.22194
41.1,1.33435
41.11,1.37863
41.12,1.56696
41.13,1.60731
41.14,1.84771
41.15,1.94298
41.16,2.1086
41.17,2.22351
41.18,2.42957
41.19,2.56971
41.2,2.73126
41.21,2.88141
41.22,3.03483
41.23,3.11514
41.24,3.2017
41.25,3.22312
41.26,3.27309
41.27,3.37777
41.28,3.30822
41.29,3.37053
41.3,3.29054
41.31,3.26382
41.32,3.2533
41.33,3.21078
41.34,3.11699
41.35,3.05453
41.36,3.01007
41.37,2.96825
41.38,2.93264
41.39,2.85552
41.4,2.82506
41.41,2.808
41.42,2.72342
41.43,2.67467
41.44,2.57277
41.45,2.49167
41.46,2.5335
41.47,2.46918
41.48,2.40584
41.49,2.37725
41.5,2.31671
41.51,2.30141
41.52,2.22034
41.53,2.14723
41.54,2.15341
41.55,2.0738
41.56,2.05538
41.57,1.98716
41.58,1.94623
41.59,1.93441
41.6,1.89974
41.61,1.88188
41.62,1.82752
41.63,1.74792
41.64,1.75627
41.65,1.75777
41.66,1.68802
41.67,1.65087
41.68,1.64776
41.69,1.55576
41.7,1.48939
41.71,1.48968
41.72,1.43974
41.73,1.38661
41.74,1.37374
41.75,1.35957
41.76,1.31296
41.77,1.2934
41.78,1.31187
41.79,1.22243
41.8,1.21785
41.81,1.17209
41.82,1.14059
41.83,1.12759
41.84,1.11056
41.85,1.1165
41.86,1.15874
41.87,1.05221
41.88,1.05098
41.89,1.05748
41.9,1.07526
41.91,1.08548
41.92,1.14251
41.93,1.07168
41.94,1.12894
41.95,1.25839
41.96,1.396
41.97,1.4228
41.98,1.50213
41.99,1.74631
42.0,1.88512
42.01,2.00257
42.02,2.16851
42.03,2.33328
42.04,2.52752
42.05,2.66081
42.06,2.83969
42.07,2.87106
42.08,3.04663
42.09,3.13593
42.1,3.23983
42.11,3.28908
42.12,3.36702
42.13,3.30627
42.14,3.36506
42.15,3.36682
42.16,3.37927
42.17,3.27228
42.18,3.25188
42.19,3.13811
42.2,3.06739
42.21,3.11007
42.22,3.0302
42.23,3.01237
42.24,2.88402
42.25,2.89072
42.26,2.88262
42.27,2.79172
42.28,2.7406
42.29,2.68579
42.3,2.59117
42.31,2.63088
42.32,2.52276
42.33,2.50604
42.34,2.39299
42.35,2.35301
42.36,2.38002
42.37,2.2758
42.38,2.28035
42.39,2.18679
42.4,2.08857
42.41,2.12788
42.42,2.04339
42.43,2.04457
42.44,1.98914
42.45,1.90861
42.46,1.92748
42.47,1.95655
42.48,1.87335
42.49,1.8239
42.5,1.82364
42.51,1.76184
42.52,1.72422
42.53,1.64599
42.54,1.64526
42.55,1.62801
42.56,1.53035
42.57,1.55711
42.58,1.4717
42.59,1.40962
42.6,1.43017
42.61,1.35811
42.62,1.35857
42.63,1.29859
42.64,1.27936
42.65,1.27161
42.66,1.24258
42.67,1.15202
42.68,1.15694
42.69,1.1977
42.7,1.14578
42.71,1.11516
42.72,1.07327
42.73,1.06806
42.74,1.03105
42.75,1.08659
42.76,1.0783
42.77,1.08465
42.78,1.14177
42.79,1.19945
42.8,1.312
42.81,1.28134
42.82,1.45608
42.83,1.56177
42.84,1.63597
42.85,1.80582
42.86,1.9374
42.87,2.11597
42.88,2.31922
42.89,2.45602
42.9,2.61341
42.91,2.73803
42.92,2.84807
42.93,3.0137
42.94,3.16666
42.95,3.17644
42.96,3.2626
42.97,3.34993
42.98,3.34884
42.99,3.36835
43.0,3.37638
43.01,3.33047
43.02,3.31241
43.03,3.32334
43.04,3.21657
43.05,3.15673
43.06,3.13204
43.07,3.11828
43.08,3.03617
43.09,2.97511
43.1,2.93897
43.11,2.83554
43.12,2.85446
43.13,2.80383
43.14,2.7332
43.15,2.7287
43.16,2.61716
43.17,2.63636
43.18,2.55762
43.19,2.49235
43.2,2.45055
43.21,2.3963
43.22,2.38473
43.23,2.26528
43.24,2.22561
43.25,2.23249
43.26,2.13885
43.27,2.14169
43.28,2.12627
43.29,2.02635
43.3,2.02407
43.31,1.93583
43.32,1.96084
43.33,1.91219
43.34,1.88802
43.35,1.82109
43.36,1.75584
43.37,1.78432
43.38,1.66915
43.39,1.68183
43.4,1.6787
43.41,1.61469
43.42,1.62583
43.43,1.55724
43.44,1.46728
43.45,1.44999
43.46,1.41232
43.47,1.33339
43.48,1.32234
43.49,1.30586
43.5,1.23587
43.51,1.27438
43.52,1.24275
43.53,1.17817
43.54,1.21923
43.55,1.20788
43.56,1.17332
43.57,1.13828
43.58,1.14959
43.59,1.13978
43.6,1.12145
43.61,1.08758
43.62,1.13
43.63,1.1783
43.64,1.15859
43.65,1.28848
43.66,1.27507
43.67,1.3741
43.68,1.45228
43.69,1.5949
43.7,1.66671
43.71,1.8463
43.72,1.98381
43.73,2.1814
43.74,2.37112
43.75,2.52384
43.76,2.59174
43.77,2.874
43.78,2.95936
43.79,3.04987
43.8,3.18309
43.81,3.26977
43.82,3.31061
43.83,3.38264
43.84,3.38518
43.85,3.39991
43.86,3.3839
43.87,3.34001
43.88,3.35444
43.89,3.32585
43.9,3.27561
43.91,3.23259
43.92,3.16347
43.93,3.08302
43.94,3.07012
43.95,2.9515
43.96,2.91417
43.97,2.86287
43.98,2.87613
43.99,2.82479
44.0,2.76419
44.01,2.73454
44.02,2.62811
44.03,2.61607
44.04,2.5519
44.05,2.53015
44.06,2.44973
44.07,2.38991
44.08,2.36635
44.09,2.3261
44.1,2.23109
44.11,2.20275
44.12,2.12877
44.13,2.04418
44.14,2.08638
44.15,2.06228
44.16,2.0175
44.17,1.91818
44.18,1.93393
44.19,1.84575
44.2,1.92067
44.21,1.81314
44.22,1.84802
44.23,1.80167
44.24,1.70753
44.25,1.66036
44.26,1.66361
44.27,1.58604
44.28,1.57289
44.29,1.51463
44.3,1.43645
44.31,1.38575
44.32,1.42463
44.33,1.36871
44.34,1.33926
44.35,1.3494
44.36,1.33841
44.37,1.27132
44.38,1.24671
44.39,1.25014
44.4,1.17321
44.41,1.19998
44.42,1.19015
44.43,1.17593
44.44,1.08204
44.45,1.10605
44.46,1.09715
44.47,1.1289
44.48,1.15262
44.49,1.20733
44.5,1.18564
44.51,1.23903
44.52,1.35843
44.53,1.41989
44.54,1.55302
44.55,1.64375
44.56,1.73496
44.57,1.87649
44.58,2.02603
44.59,2.25438
44.6,2.43418
44.61,2.61611
44.62,2.74216
44.63,2.89836
44.64,2.97968
44.65,3.08016
44.66,3.24011
44.67,3.30747
44.68,3.35842
44.69,3.40714
44.7,3.42648
44.71,3.45897
44.72,3.4474
44.73,3.39973
44.74,3.37294
44.75,3.31902
44.76,3.24014
44.77,3.2236
44.78,3.10441
44.79,3.12309
44.8,3.00177
44.81,2.99382
44.82,2.90922
44.83,2.90208
44.84,2.83656
44.85,2.74253
44.86,2.75591
44.87,2.67848
44.88,2.67397
44.89,2.59827
44.9,2.55972
44.91,2.46787
44.92,2.42713
44.93,2.37924
44.94,2.36748
44.95,2.34207
44.96,2.21935
44.97,2.22981
44.98,2.08898
44.99,2.0775
45.0,2.0464
45.01,1.99872
45.02,1.95775
45.03,1.98484
45.04,1.93377
45.05,1.9192
45.06,1.8954
45.07,1.84828
45.08,1.82408
45.09,1.76458
45.1,1.69173
45.11,1.7184
45.12,1.62742
45.13,1.57515
45.14,1.55638
45.15,1.49386
45.16,1.4699
45.17,1.45604
45.18,1.42193
45.19,1.3529
45.2,1.33607
45.21,1.35609
45.22,1.31382
45.23,1.33771
45.24,1.28842
45.25,1.26561
45.26,1.16845
45.27,1.21246
45.28,1.16851
45.29,1.13602
45.3,1.14311
45.31,1.15653
45.32,1.1397
45.33,1.10321
45.34,1.16721
45.35,1.15369
45.36,1.22151
45.37,1.26387
45.38,1.34111
45.39,1.46248
45.4,1.51687
45.41,1.73074
45.42,1.75597
45.43,1.94233
45.44,2.12937
45.45,2.2986
45.46,2.4418
45.47,2.60379
45.48,2.77156
45.49,2.8954
45.5,3.07334
45.51,3.16942
45.52,3.26462
45.53,3.28394
45.54,3.36494
45.55,3.39294
45.56,3.38772
45.57,3.42756
45.58,3.38456
45.59,3.39176
45.6,3.30145
45.61,3.33918
45.62,3.20976
45.63,3.18941
45.64,3.15164
45.65,3.05604
45.66,3.04513
45.67,2.93067
45.68,2.96078
45.69,2.86881
45.7,2.80272
45.71,2.7644
45.72,2.75037
45.73,2.66077
45.74,2.60715
45.75,2.57324
45.76,2.49379
45.77,2.53214
45.78,2.40855
45.79,2.39867
45.8,2.32893
45.81,2.24341
45.82,2.225
45.83,2.20328
45.84,2.13132
45.85,2.13264
45.86,2.0899
45.87,2.05141
45.88,1.9763
45.89,1.92499
45.9,1.90664
45.91,1.89827
45.92,1.87519
45.93,1.75874
45.94,1.78707
45.95,1.75376
45.96,1.70082
45.97,1.70677
45.98,1.63884
45.99,1.62354
46.0,1.53635
46.01,1.53077
46.02,1.51331
46.03,1.46747
46.04,1.36172
46.05,1.35584
46.06,1.32453
46.07,1.32318
46.08,1.3045
46.09,1.23548
46.1,1.24035
46.11,1.15602
46.12,1.23872
46.13,1.15968
46.14,1.1576
46.15,1.1297
46.16,1.15991
46.17,1.03201
46.18,1.1152
46.19,1.12008
46.2,1.12827
46.21,1.22534
46.22,1.19337
46.23,1.3057
46.24,1.3727
46.25,1.49641
46.26,1.55164
46.27,1.67804
46.28,1.87456
46.29,2.00669
46.3,2.10722
46.31,2.30074
46.32,2.49167
46.33,2.66419
46.34,2.76961
46.35,2.84187
46.36,3.06961
46.37,3.12476
46.38,3.18938
46.39,3.23357
46.4,3.39152
46.41,3.39999
46.42,3.40011
46.43,3.4428
46.44,3.40023
46.45,3.39778
46.46,3.26647
46.47,3.25948
46.48,3.15992
46.49,3.14711
46.5,3.09142
46.51,3.06308
46.52,2.99235
46.53,2.95804
46.54,2.91046
46.55,2.9054
46.56,2.78362
46.57,2.71753
46.58,2.70565
46.59,2.62606
46.6,2.6455
46.61,2.54237
46.62,2.48274
46.63,2.43371
46.64,2.41729
46.65,2.33921
46.66,2.27384
46.67,2.29373
46.68,2.17083
46.69,2.15279
46.7,2.12914
46.71,2.02114
46.72,2.04745
46.73,1.96639
46.74,1.98923
46.75,1.90302
46.76,1.9202
46.77,1.89961
46.78,1.85825
46.79,1.80445
46.8,1.75279
46.81,1.70355
46.82,1.72459
46.83,1.61798
46.84,1.5658
46.85,1.57489
46.86,1.48981
46.87,1.44535
46.88,1.39265
46.89,1.38591
46.9,1.36492
46.91,1.34426
46.92,1.33749
46.93,1.29882
46.94,1.25301
46.95,1.22972
46.96,1.22873
46.97,1.22994
46.98,1.17446
46.99,1.13637
47.0,0.93824
47.01,1.97789
47.02,0.84459
47.03,0.86599
47.04,-0.02438
47.05,0.10129
47.06,0.22767
47.07,1.87205
47.08,1.20633
47.09,1.68038
47.1,1.12097
47.11,0.40142
47.12,1.11733
47.13,1.9653
47.14,1.3765
47.15,2.90254
47.16,1.97612
47.17,1.96491
47.18,2.46472
47.19,1.94369
47.2,2.86261
47.21,3.09548
47.22,3.5238
47.23,1.85311
47.24,1.91451
47.25,3.18711
47.26,3.74894
47.27,2.94164
47.28,3.66649
47.29,3.87555
47.3,3.73104
47.31,1.77424
47.32,2.32921
47.33,2.91438
47.34,3.836
47.35,5.04319
47.36,3.1348
47.37,2.03906
47.38,2.77287
47.39,3.39166
47.4,2.93234
47.41,2.59807
47.42,3.71123
47.43,3.24273
47.44,1.85818
47.45,2.43262
47.46,2.93023
47.47,3.31241
47.48,2.77526
47.49,2.52036
47.5,3.12597
47.51,1.2474
47.52,2.12987
47.53,1.24751
47.54,3.01696
47.55,2.36853
47.56,3.02438
47.57,2.24384
47.58,0.86334
47.59,2.51588
47.6,2.82242
47.61,2.77019
47.62,1.80811
47.63,1.78269
47.64,1.61896
47.65,0.94585
47.66,2.46762
47.67,1.88599
47.68,0.43183
47.69,2.15184
47.7,1.35008
47.71,1.11878
47.72,0.89336
47.73,1.79737
47.74,2.23612
47.75,1.95718
47.76,1.36232
47.77,1.18937
47.78,0.87271
47.79,0.34835
47.8,1.58047
47.81,1.81023
47.82,2.43366
47.83,2.00555
47.84,0.57325
47.85,1.20016
47.86,0.31518
47.87,1.60525
47.88,1.08037
47.89,0.77231
47.9,1.23107
47.91,-0.85591
47.92,-0.32436
47.93,0.92763
47.94,1.4852
47.95,1.41757
47.96,0.66817
47.97,0.79923
47.98,1.38668
47.99,1.77757
48.0,1.88329
48.01,3.0505
48.02,2.77355
48.03,2.01398
48.04,2.10985
48.05,1.38619
48.06,2.49813
48.07,3.7618
48.08,3.90065
48.09,4.31508
48.1,3.08086
48.11,3.72347
48.12,2.85731
48.13,4.08736
48.14,3.58424
48.15,4.15554
48.16,4.47117
48.17,3.00788
48.18,2.99787
48.19,3.61908
48.2,3.03936
48.21,2.59428
48.22,4.65446
48.23,2.80082
48.24,2.7652
48.25,3.15692
48.26,2.20908
48.27,2.30139
48.28,3.27135
48.29,1.87969
48.3,2.46877
48.31,2.35444
48.32,1.99197
48.33,1.4347
48.34,3.54829
48.35,2.82667
48.36,3.38933
48.37,1.95567
48.38,1.33994
48.39,1.97777
48.4,1.95975
48.41,1.68916
48.42,3.31201
48.43,1.73692
48.44,0.65066
48.45,2.33353
48.46,1.28456
48.47,1.59799
48.48,1.12643
48.49,3.17096
48.5,0.90098
48.51,1.50473
48.52,1.86154
48.53,1.7724
48.54,1.83204
48.55,1.00452
48.56,1.28835
48.57,1.48869
48.58,0.58167
48.59,1.18569
48.6,1.74953
48.61,2.19681
48.62,0.91291
48.63,2.6607
48.64,1.45578
48.65,0.75602
48.66,1.60823
48.67,2.70294
48.68,0.66072
48.69,1.2904
48.7,-0.23795
48.71,0.90997
48.72,0.86107
48.73,0.90516
48.74,0.85994
48.75,0.17283
48.76,1.45788
48.77,1.81812
48.78,0.32946
48.79,1.09838
48.8,0.27777
48.81,1.90476
48.82,1.47829
48.83,1.15042
48.84,0.92368
48.85,1.08529
48.86,1.85754
48.87,1.42949
48.88,2.35668
48.89,2.68868
48.9,1.84635
48.91,3.40031
48.92,1.91381
48.93,2.42106
48.94,2.67603
48.95,4.62969
48.96,3.73836
48.97,2.55415
48.98,3.60828
48.99,3.13278
49.0,3.45668
49.01,3.3821
49.02,3.16513
49.03,3.54013
49.04,2.63506
49.05,3.84395
49.06,2.06002
49.07,4.02696
49.08,3.28297
49.09,3.3859
49.1,3.33977
49.11,2.14298
49.12,2.91892
49.13,0.96457
49.14,2.42537
49.15,2.46464
49.16,2.07937
49.17,2.25146
49.18,2.35662
49.19,2.55058
49.2,2.55623
49.21,2.24281
49.22,2.87682
49.23,2.44671
49.24,2.49626
49.25,2.15965
49.26,1.83285
49.27,1.61279
49.28,1.93024
49.29,1.93215
49.3,1.75097
49.31,1.64483
49.32,1.93512
49.33,1.68712
49.34,2.00564
49.35,2.24287
49.36,1.63077
49.37,1.02601
49.38,0.22489
49.39,0.806
49.4,1.84863
49.41,1.4006
49.42,1.70289
49.43,1.8027
49.44,1.51055
49.45,0.32588
49.46,1.64721
49.47,2.03269
49.48,0.93267
49.49,1.05552
49.5,1.19398
49.51,1.19968
49.52,1.16237
49.53,1.14523
49.54,1.10402
49.55,1.03116
49.56,1.04639
49.57,1.06489
49.58,1.01472
49.59,1.01821
49.6,0.98574
49.61,0.96383
49.62,0.99974
49.63,1.03279
49.64,1.03723
49.65,1.09822
49.66,1.14175
49.67,1.28513
49.68,1.34139
49.69,1.50889
49.7,1.64129
49.71,1.73605
49.72,1.86147
49.73,1.98926
49.74,2.17096
49.75,2.33644
49.76,2.57678
49.77,2.6881
49.78,2.83343
49.79,2.87715
49.8,3.01239
49.81,3.1604
49.82,3.20789
49.83,3.24031
49.84,3.28774
49.85,3.32787
49.86,3.26397
49.87,3.25055
49.88,3.22069
49.89,3.24426
49.9,3.06076
49.91,3.09144
49.92,3.01262
49.93,2.9777
49.94,2.88627
49.95,2.8512
49.96,2.82235
49.97,2.84438
49.98,2.72655
49.99,2.62903
50.0,2.5942
50.01,2.5455
50.02,2.45673
50.03,2.45121
50.04,2.43253
50.05,2.32079
50.06,2.33831
50.07,2.26915
50.08,2.18055
50.09,2.14742
50.1,2.15033
50.11,2.07723
50.12,2.01083
50.13,1.96144
50.14,1.93151
50.15,1.87691
50.16,1.79415
50.17,1.885
50.18,1.79559
50.19,1.77013
50.2,1.72313
50.21,1.66838
50.22,1.6489
50.23,1.56885
50.24,1.64581
50.25,1.49968
50.26,1.46393
50.27,1.43938
50.28,1.4491
50.29,1.36961
50.3,1.2923
50.31,1.32922
50.32,1.27811
50.33,1.2395
50.34,1.21455
50.35,1.23701
50.36,1.20485
50.37,1.09442
50.38,1.14062
50.39,1.08105
50.4,1.06275
50.41,0.97582
50.42,1.00123
50.43,0.96333
50.44,0.99664
50.45,0.99213
50.46,0.89181
50.47,0.95525
50.48,1.00132
50.49,0.98575
50.5,1.05075
50.51,1.09233
50.52,1.1615
50.53,1.22963
50.54,1.30473
50.55,1.42714
50.56,1.61614
50.57,1.74171
50.58,1.89254
50.59,2.0454
50.6,2.21245
50.61,2.41459
50.62,2.52884
50.63,2.64476
50.64,2.84039
50.65,2.92919
50.66,3.03553
50.67,3.16263
50.68,3.17354
50.69,3.22265
50.7,3.19936
50.71,3.23131
50.72,3.24378
50.73,3.15318
50.74,3.16953
50.75,3.12207
50.76,3.07017
50.77,3.04647
50.78,2.97025
50.79,2.9493
50.8,2.82079
50.81,2.80183
50.82,2.74913
50.83,2.66494
50.84,2.67733
50.85,2.6707
50.86,2.55289
50.87,2.5206
50.88,2.45924
50.89,2.38551
50.9,2.30146
50.91,2.28318
50.92,2.21034
50.93,2.25096
50.94,2.14469
50.95,2.08729
50.96,2.07564
50.97,1.96886
50.98,1.93562
50.99,1.91946
51.0,1.90967
51.01,1.85754
51.02,1.81546
51.03,1.7771
51.04,1.75407
51.05,1.7153
51.06,1.64478
51.07,1.64225
51.08,1.57226
51.09,1.56879
51.1,1.51218
51.11,1.56168
51.12,1.44231
51.13,1.35908
51.14,1.35526
51.15,1.33397
51.16,1.32935
51.17,1.22435
51.18,1.15991
51.19,1.19983
51.2,1.10437
51.21,1.10545
51.22,1.08546
51.23,1.06723
51.24,1.06715
51.25,1.00383
51.26,0.99453
51.27,0.98138
51.28,0.96646
51.29,0.94697
51.3,0.94224
51.31,0.94419
51.32,0.92677
51.33,0.93311
51.34,0.88703
51.35,0.9635
51.36,1.01819
51.37,1.08327
51.38,1.11496
51.39,1.20741
51.4,1.31817
51.41,1.47542
51.42,1.6282
51.43,1.73425
51.44,1.93136
51.45,2.07028
51.46,2.22623
51.47,2.38397
51.48,2.56608
51.49,2.69619
51.5,2.88357
51.51,2.90207
51.52,3.03703
51.53,3.07977
51.54,3.12362
51.55,3.18367
51.56,3.20371
51.57,3.28568
51.58,3.17622
51.59,3.11892
51.6,3.12214
51.61,3.00544
51.62,3.01364
51.63,2.96274
51.64,2.93083
51.65,2.88116
51.66,2.78293
51.67,2.7412
51.68,2.6721
51.69,2.6121
51.7,2.60717
51.71,2.51212
51.72,2.49032
51.73,2.42481
51.74,2.42218
51.75,2.40969
51.76,2.26553
51.77,2.19712
51.78,2.1967
51.79,2.14881
51.8,2.10354
51.81,2.03362
51.82,1.99294
51.83,1.9643
51.84,1.94141
51.85,1.81116
51.86,1.82088
51.87,1.80268
51.88,1.73472
51.89,1.78123
51.9,1.67762
51.91,1.66253
51.92,1.64663
51.93,1.57703
51.94,1.50255
51.95,1.50654
51.96,1.51016
51.97,1.42782
51.98,1.37045
51.99,1.38141
52.0,1.30208
52.01,1.25628
52.02,1.23745
52.03,1.21972
52.04,1.23419
52.05,1.15629
52.06,1.13748
52.07,1.0609
52.08,1.02049
52.09,1.02967
52.1,1.00846
52.11,0.95098
52.12,0.95671
52.13,0.95333
52.14,0.93283
52.15,0.92002
52.16,0.89995
52.17,0.86743
52.18,0.86559
52.19,0.8524
52.2,0.96034
52.21,0.93868
52.22,0.97779
52.23,1.01905
52.24,1.21426
52.25,1.19036
52.26,1.32262
52.27,1.47615
52.28,1.62316
52.29,1.78598
52.3,1.97093
52.31,2.09508
52.32,2.21121
52.33,2.394
52.34,2.56171
52.35,2.75368
52.36,2.77417
52.37,2.95948
52.38,3.01718
52.39,3.10541
52.4,3.12563
52.41,3.13231
52.42,3.19072
52.43,3.18194
52.44,3.17131
52.45,3.1098
52.46,3.05103
52.47,2.9744
52.48,2.99353
52.49,2.92711
52.5,2.83019
52.51,2.78829
52.52,2.73703
52.53,2.65478
52.54,2.62465
52.55,2.56646
52.56,2.54031
52.57,2.48311
52.58,2.40886
52.59,2.47011
52.6,2.39782
52.61,2.28661
52.62,2.2669
52.63,2.21931
52.64,2.19032
52.65,2.07815
52.66,2.08453
52.67,1.98593
52.68,1.91496
52.69,1.93189
52.7,1.90667
52.71,1.90602
52.72,1.75528
52.73,1.77718
52.74,1.71036
52.75,1.71344
52.76,1.61328
52.77,1.58648
52.78,1.56701
52.79,1.5571
52.8,1.49827
52.81,1.49834
52.82,1.46895
52.83,1.41459
52.84,1.40307
52.85,1.32496
52.86,1.23471
52.87,1.27225
52.88,1.17527
52.89,1.18515
52.9,1.17202
52.91,1.10806
52.92,1.02144
52.93,1.01282
52.94,1.05575
52.95,0.98792
52.96,0.97313
52.97,0.97183
52.98,0.94886
52.99,0.91611
53.0,0.88276
53.01,0.86345
53.02,0.88627
53.03,0.87043
53.04,0.84692
53.05,0.89751
53.06,0.88323
53.07,0.89719
53.08,0.95081
53.09,1.01146
53.1,1.11692
53.11,1.26338
53.12,1.31976
53.13,1.48188
53.14,1.60143
53.15,1.76796
53.16,1.89149
53.17,2.09381
53.18,2.25692
53.19,2.43594
53.2,2.57432
53.21,2.66702
53.22,2.85537
53.23,2.93129
53.24,3.0138
53.25,3.07041
53.26,3.098
53.27,3.14368
53.28,3.1572
53.29,3.08043
53.3,3.09298
53.31,3.06675
53.32,3.03885
53.33,3.01773
53.34,2.9058
53.35,2.85922
53.36,2.80369
53.37,2.74072
53.38,2.70149
53.39,2.68386
53.4,2.57956
53.41,2.57572
53.42,2.46431
53.43,2.45122
53.44,2.41054
53.45,2.42228
53.46,2.3144
53.47,2.20615
53.48,2.16084
53.49,2.16985
53.5,2.13518
53.51,2.07646
53.52,2.01977
53.53,2.00086
53.54,1.90325
53.55,1.90226
53.56,1.78511
53.57,1.7682
53.58,1.70476
53.59,1.71626
53.6,1.68998
53.61,1.6623
53.62,1.62823
53.63,1.56537
53.64,1.55313
53.65,1.478
53.66,1.5262
53.67,1.43692
53.68,1.39068
53.69,1.41136
53.7,1.28439
53.71,1.24612
53.72,1.20618
53.73,1.19778
53.74,1.17558
53.75,1.15006
53.76,1.17286
53.77,0.99859
53.78,1.05704
53.79,0.99674
53.8,0.97206
53.81,0.94836
53.82,0.91773
53.83,0.97413
53.84,0.92808
53.85,0.88374
53.86,0.90556
53.87,0.80453
53.88,0.79921
53.89,0.76914
53.9,0.81696
53.91,0.85643
53.92,0.88053
53.93,0.92187
53.94,0.93059
53.95,1.0692
53.96,1.14157
53.97,1.26252
53.98,1.30581
53.99,1.50822
54.0,1.61135
54.01,1.79201
54.02,1.98223
54.03,2.13271
54.04,2.26574
54.05,2.44636
54.06,2.54498
54.07,2.75675
54.08,2.83121
54.09,2.96779
54.1,2.99574
54.11,3.05303
54.12,3.08317
54.13,3.15085
54.14,3.10443
54.15,3.13094
54.16,3.07313
54.17,2.98801
54.18,2.9851
54.19,2.91643
54.2,2.89927
54.21,2.80764
54.22,2.81629
54.23,2.73195
54.24,2.67709
54.25,2.65153
54.26,2.61173
54.27,2.53432
54.28,2.4645
54.29,2.38718
54.3,2.37213
54.31,2.32566
54.32,2.2978
54.33,2.23361
54.34,2.21313
54.35,2.12217
54.36,2.08698
54.37,2.07302
54.38,1.99785
54.39,1.93774
54.4,1.87575
54.41,1.83166
54.42,1.78468
54.43,1.75607
54.44,1.75932
54.45,1.69609
54.46,1.62949
54.47,1.69072
54.48,1.61476
54.49,1.52961
54.5,1.52391
54.51,1.50422
54.52,1.51404
54.53,1.39007
54.54,1.4117
54.55,1.3827
54.56,1.27995
54.57,1.24905
54.58,1.18597
54.59,1.17237
54.6,1.14098
54.61,1.12796
54.62,1.10957
54.63,1.02561
54.64,0.96246
54.65,0.99613
54.66,0.98225
54.67,0.9586
54.68,0.91964
54.69,0.91206
54.7,0.93336
54.71,0.88011
54.72,0.84027
54.73,0.82254
54.74,0.82336
54.75,0.87514
54.76,0.82681
54.77,0.84877
54.78,0.86473
54.79,0.95655
54.8,1.04271
54.81,1.07461
54.82,1.15785
54.83,1.26742
54.84,1.32124
54.85,1.55518
54.86,1.68794
54.87,1.85573
54.88,1.98476
54.89,2.15818
54.9,2.31737
54.91,2.51283
54.92,2.61218
54.93,2.81309
54.94,2.87375
54.95,2.91405
54.96,3.02017
54.97,3.05608
54.98,3.04176
54.99,3.16903
55.0,3.13883
55.01,3.11581
55.02,3.07469
55.03,2.9886
55.04,2.96884
55.05,2.95722
55.06,2.84644
55.07,2.74714
55.08,2.76178
55.09,2.71105
55.1,2.66772
55.11,2.63553
55.12,2.58427
55.13,2.52536
55.14,2.50638
55.15,2.37775
55.16,2.39068
55.17,2.34565
55.18,2.2399
55.19,2.18123
55.2,2.15241
55.21,2.1031
55.22,2.09393
55.23,2.00213
55.24,1.94558
55.25,1.90562
55.26,1.91263
55.27,1.83721
55.28,1.79186
55.29,1.75685
55.3,1.76394
55.31,1.66932
55.32,1.69883
55.33,1.63351
55.34,1.58981
55.35,1.6361
55.36,1.49444
55.37,1.47886
55.38,1.41416
55.39,1.43983
55.4,1.42088
55.41,1.3786
55.42,1.32351
55.43,1.2398
55.44,1.19502
55.45,1.11797
55.46,1.1936
55.47,1.11355
55.48,1.05427
55.49,1.08087
55.5,0.98597
55.51,1.00321
55.52,0.96296
55.53,0.96531
55.54,0.92285
55.55,0.86041
55.56,0.88618
55.57,0.89675
55.58,0.84813
55.59,0.85967
55.6,0.7978
55.61,0.82835
55.62,0.81968
55.63,0.88146
55.64,0.89394
55.65,0.96265
55.66,1.03978
55.67,1.11009
55.68,1.19677
55.69,1.27429
55.7,1.43484
55.71,1.56256
55.72,1.72204
55.73,1.88182
55.74,2.02752
55.75,2.16131
55.76,2.35834
55.77,2.53397
55.78,2.62542
55.79,2.78894
55.8,2.95063
55.81,3.01036
55.82,3.09506
55.83,3.10353
55.84,3.15347
55.85,3.10532
55.86,3.10011
55.87,3.01574
55.88,3.10054
55.89,3.06935
55.9,2.95839
55.91,2.91517
55.92,2.8459
55.93,2.82524
55.94,2.79341
55.95,2.65466
55.96,2.66818
55.97,2.59819
55.98,2.56182
55.99,2.52496
56.0,2.45861
56.01,2.41396
56.02,2.36276
56.03,2.34942
56.04,2.28293
56.05,2.22608
56.06,2.12979
56.07,2.10485
56.08,2.09186
56.09,2.01575
56.1,1.98575
56.11,1.97243
56.12,1.90656
56.13,1.83684
56.14,1.78
56.15,1.68241
56.16,1.71963
56.17,1.68198
56.18,1.6713
56.19,1.62288
56.2,1.58521
56.21,1.50764
56.22,1.49753
56.23,1.50302
56.24,1.50152
56.25,1.40698
56.26,1.37856
56.27,1.35565
56.28,1.26128
56.29,1.25598
56.3,1.18362
56.31,1.19464
56.32,1.13849
56.33,1.11073
56.34,1.04869
56.35,1.06614
56.36,1.08226
56.37,0.96586
56.38,0.96345
56.39,0.95891
56.4,0.95444
56.41,0.89355
56.42,0.80576
56.43,0.91358
56.44,0.88037
56.45,0.79414
56.46,0.82292
56.47,0.89074
56.48,0.89956
56.49,0.90865
56.5,0.91341
56.51,0.97478
56.52,1.0385
56.53,1.16347
56.54,1.2075
56.55,1.32984
56.56,1.51907
56.57,1.6344
56.58,1.83333
56.59,1.93394
56.6,2.11662
56.61,2.25286
56.62,2.43716
56.63,2.53937
56.64,2.70288
56.65,2.79237
56.66,2.95622
56.67,3.03742
56.68,3.02446
56.69,3.1569
56.7,3.21326
56.71,3.14359
56.72,3.11127
56.73,3.19029
56.74,3.03035
56.75,3.02677
56.76,2.98214
56.77,2.96424
56.78,2.88024
56.79,2.79994
56.8,2.73272
56.81,2.69886
56.82,2.62846
56.83,2.61124
56.84,2.54521
56.85,2.47035
56.86,2.50598
56.87,2.40616
56.88,2.33501
56.89,2.31894
56.9,2.27592
56.91,2.17046
56.92,2.18127
56.93,2.08836
56.94,2.12014
56.95,2.03477
56.96,1.95907
56.97,1.90298
56.98,1.87903
56.99,1.86008
57.0,1.80304
57.01,1.7617
57.02,1.73621
57.03,1.68382
57.04,1.65968
57.05,1.57531
57.06,1.63426
57.07,1.57993
57.08,1.51209
57.09,1.55487
57.1,1.4615
57.11,1.38743
57.12,1.40296
57.13,1.34764
57.14,1.30634
57.15,1.24158
57.16,1.22935
57.17,1.17161
57.18,1.16223
57.19,1.05708
57.2,1.07241
57.21,1.11058
57.22,1.0113
57.23,0.99306
57.24,0.97564
57.25,0.93124
57.26,0.88058
57.27,0.91972
57.28,0.91162
57.29,0.88877
57.3,0.87187
57.31,0.86797
57.32,0.89422
57.33,0.86308
57.34,0.86731
57.35,0.90434
57.36,0.97272
57.37,1.05604
57.38,1.06991
57.39,1.18392
57.4,1.30007
57.41,1.38482
57.42,1.55382
57.43,1.65928
57.44,1.80857
57.45,2.03585
57.46,2.17747
57.47,2.35615
57.48,2.50367
57.49,2.61841
57.5,2.77597
57.51,2.85343
57.52,3.02676
57.53,3.01926
57.54,3.10887
57.55,3.11853
57.56,3.18326
57.57,3.15551
57.58,3.13425
57.59,3.14724
57.6,3.08441
57.61,3.05351
57.62,2.95806
57.63,2.89196
57.64,2.88282
57.65,2.81576
57.66,2.79096
57.67,2.7182
57.68,2.67688
57.69,2.57365
57.7,2.63169
57.71,2.52332
57.72,2.50237
57.73,2.40902
57.74,2.39513
57.75,2.29752
57.76,2.29986
57.77,2.22451
57.78,2.18457
57.79,2.15328
57.8,2.04477
57.81,2.01199
57.82,1.99896
57.83,2.00326
57.84,1.89386
57.85,1.87611
57.86,1.81807
57.87,1.84463
57.88,1.70069
57.89,1.72374
57.9,1.6403
57.91,1.58171
57.92,1.63278
57.93,1.59362
57.94,1.54482
57.95,1.5124
57.96,1.56918
57.97,1.42789
57.98,1.40962
57.99,1.3334
58.0,1.32086
58.01,1.2652
58.02,1.22218
58.03,1.25345
58.04,1.2011
58.05,1.13939
58.06,1.03813
58.07,1.07059
58.08,1.13846
58.09,1.02774
58.1,1.04597
58.11,1.03498
58.12,0.97768
58.13,0.92601
58.14,0.85963
58.15,0.93684
58.16,0.87897
58.17,0.90088
58.18,0.85723
58.19,0.89489
58.2,0.92305
58.21,0.96234
58.22,0.96786
58.23,1.10034
58.24,1.12657
58.25,1.19137
58.26,1.35201
58.27,1.48527
58.28,1.63129
58.29,1.82018
58.3,1.93245
58.31,2.09991
58.32,2.23416
58.33,2.45144
58.34,2.58388
58.35,2.70567
58.36,2.78635
58.37,2.99488
58.38,3.00386
58.39,3.0922
58.4,3.16986
58.41,3.15286
58.42,3.15532
58.43,3.13128
58.44,3.19722
58.45,3.12804
58.46,3.1918
58.47,3.02704
58.48,2.97777
58.49,2.93465
58.5,2.90442
58.51,2.82906
58.52,2.80887
58.53,2.71014
58.54,2.64871
58.55,2.58825
58.56,2.52846
58.57,2.53296
58.58,2.49262
58.59,2.43522
58.6,2.44303
58.61,2.39305
58.62,2.29566
58.63,2.20069
58.64,2.18605
58.65,2.13393
58.66,2.08201
58.67,2.03215
58.68,1.98689
58.69,1.95077
58.7,1.90182
58.71,1.88832
58.72,1.85651
58.73,1.78407
58.74,1.8167
58.75,1.7172
58.76,1.66626
58.77,1.69393
58.78,1.62464
58.79,1.62399
58.8,1.50575
58.81,1.58144
58.82,1.52015
58.83,1.41416
58.84,1.37345
58.85,1.4267
58.86,1.31388
58.87,1.27184
58.88,1.19169
58.89,1.2143
58.9,1.18569
58.91,1.18427
58.92,1.09353
58.93,1.06466
58.94,1.10024
58.95,1.09456
58.96,0.9957
58.97,1.05434
58.98,1.00265
58.99,1.01477
59.0,0.96192
59.01,0.87288
59.02,0.93242
59.03,0.9628
59.04,0.90572
59.05,0.93202
59.06,0.96116
59.07,0.91581
59.08,1.1045
59.09,1.09527
59.1,1.22248
59.11,1.3067
59.12,1.46529
59.13,1.57277
59.14,1.69916
59.15,1.83476
59.16,2.04723
59.17,2.13144
59.18,2.37003
59.19,2.47539
59.2,2.69453
59.21,2.79786
59.22,2.93293
59.23,3.01891
59.24,3.04745
59.25,3.13775
59.26,3.22729
59.27,3.23643
59.28,3.27335
59.29,3.24062
59.3,3.17654
59.31,3.1476
59.32,3.13204
59.33,3.01099
59.34,3.07834
59.35,2.98729
59.36,2.95645
59.37,2.81861
59.38,2.8512
59.39,2.83033
59.4,2.67489
59.41,2.69006
59.42,2.62012
59.43,2.52713
59.44,2.5413
59.45,2.50382
59.46,2.41207
59.47,2.41531
59.48,2.27962
59.49,2.2335
59.5,2.23105
59.51,2.17682
59.52,2.10479
59.53,2.1025
59.54,2.04826
59.55,2.01473
59.56,1.94462
59.57,1.92834
59.58,1.86119
59.59,1.90238
59.6,1.78391
59.61,1.83963
59.62,1.74567
59.63,1.67085
59.64,1.71946
59.65,1.64695
59.66,1.63175
59.67,1.60431
59.68,1.53771
59.69,1.46882
59.7,1.47447
59.71,1.40412
59.72,1.3845
59.73,1.26071
59.74,1.3022
59.75,1.23553
59.76,1.27276
59.77,1.21288
59.78,1.17473
59.79,1.15744
59.8,1.08975
59.81,1.14635
59.82,1.13607
59.83,1.06735
59.84,1.08314
59.85,0.99922
59.86,0.97501
59.87,0.98566
59.88,0.98734
59.89,0.95845
59.9,0.99049
59.91,0.99782
59.92,0.98517
59.93,1.07126
59.94,1.13776
59.95,1.18981
59.96,1.30914
59.97,1.34481
59.98,1.51805
59.99,1.60581
